name;pokedex_number;generation;is_legendary;type1;type2;hp;attack;defense;sp_attack;sp_defense;speed;base_total;against_bug;against_dark;against_dragon;against_electric;against_fairy;against_fight;against_fire;against_flying;against_ghost;against_grass;against_ground;against_ice;against_normal;against_poison;against_psychic;against_rock;against_steel;against_water;capture_rate
Bulbasaur;1;1;0;grass;poison;45;49;49;65;65;45;318;1;1;1;0.5;0.5;0.5;2;2;1;0.25;1;2;1;1;2;1;1;0.5;45
Ivysaur;2;1;0;grass;poison;60;62;63;80;80;60;405;1;1;1;0.5;0.5;0.5;2;2;1;0.25;1;2;1;1;2;1;1;0.5;45
Venusaur;3;1;0;grass;poison;80;82;83;100;100;80;625;1;1;1;0.5;0.5;0.5;2;2;1;0.25;1;2;1;1;2;1;1;0.5;45
Charmander;4;1;0;fire;;39;52;43;60;50;65;309;0.5;1;1;1;0.5;1;0.5;1;1;0.5;2;0.5;1;1;1;2;0.5;2;45
Charmeleon;5;1;0;fire;;58;64;58;80;65;80;405;0.5;1;1;1;0.5;1;0.5;1;1;0.5;2;0.5;1;1;1;2;0.5;2;45
Charizard;6;1;0;fire;flying;78;84;78;109;85;100;634;0.25;1;1;2;0.5;0.5;0.5;1;1;0.25;0;1;1;1;1;4;0.5;2;45
Squirtle;7;1;0;water;;44;48;65;50;64;43;314;1;1;1;2;1;1;0.5;1;1;2;1;0.5;1;1;1;1;0.5;0.5;45
Wartortle;8;1;0;water;;59;63;80;65;80;58;405;1;1;1;2;1;1;0.5;1;1;2;1;0.5;1;1;1;1;0.5;0.5;45
Blastoise;9;1;0;water;;79;83;100;85;105;78;630;1;1;1;2;1;1;0.5;1;1;2;1;0.5;1;1;1;1;0.5;0.5;45
Caterpie;10;1;0;bug;;45;30;35;20;20;45;195;1;1;1;1;1;0.5;2;2;1;0.5;0.5;1;1;1;1;2;1;1;255
Metapod;11;1;0;bug;;50;20;55;25;25;30;205;1;1;1;1;1;0.5;2;2;1;0.5;0.5;1;1;1;1;2;1;1;120
Butterfree;12;1;0;bug;flying;60;45;50;90;80;70;395;0.5;1;1;2;1;0.25;2;2;1;0.25;0;2;1;1;1;4;1;1;45
Weedle;13;1;0;bug;poison;40;35;30;20;20;50;195;0.5;1;1;1;0.5;0.25;2;2;1;0.25;1;1;1;0.5;2;2;1;1;255
Kakuna;14;1;0;bug;poison;45;25;50;25;25;35;205;0.5;1;1;1;0.5;0.25;2;2;1;0.25;1;1;1;0.5;2;2;1;1;120
Beedrill;15;1;0;bug;poison;65;90;40;45;80;75;495;0.5;1;1;1;0.5;0.25;2;2;1;0.25;1;1;1;0.5;2;2;1;1;45
Pidgey;16;1;0;normal;flying;40;45;40;35;35;56;251;0.5;1;1;2;1;1;1;1;0;0.5;0;2;1;1;1;2;1;1;255
Pidgeotto;17;1;0;normal;flying;63;60;55;50;50;71;349;0.5;1;1;2;1;1;1;1;0;0.5;0;2;1;1;1;2;1;1;120
Pidgeot;18;1;0;normal;flying;83;80;75;70;70;101;579;0.5;1;1;2;1;1;1;1;0;0.5;0;2;1;1;1;2;1;1;45
Rattata;19;1;0;normal;dark;30;56;35;25;35;72;253;1;1;1;1;1;2;1;1;0;1;1;1;1;1;1;1;1;1;255
Raticate;20;1;0;normal;dark;55;81;60;50;70;97;413;1;1;1;1;1;2;1;1;0;1;1;1;1;1;1;1;1;1;127
Spearow;21;1;0;normal;flying;40;60;30;31;31;70;262;0.5;1;1;2;1;1;1;1;0;0.5;0;2;1;1;1;2;1;1;255
Fearow;22;1;0;normal;flying;65;90;65;61;61;100;442;0.5;1;1;2;1;1;1;1;0;0.5;0;2;1;1;1;2;1;1;90
Ekans;23;1;0;poison;;35;60;44;40;54;55;288;0.5;1;1;1;0.5;0.5;1;1;1;0.5;2;1;1;0.5;2;1;1;1;255
Arbok;24;1;0;poison;;60;95;69;65;79;80;448;0.5;1;1;1;0.5;0.5;1;1;1;0.5;2;1;1;0.5;2;1;1;1;90
Pikachu;25;1;0;electric;;35;55;40;50;50;90;320;1;1;1;0.5;1;1;1;0.5;1;1;2;1;1;1;1;1;0.5;1;190
Raichu;26;1;0;electric;electric;60;90;55;90;80;110;485;1;1;1;0.5;1;1;1;0.5;1;1;2;1;1;1;1;1;0.5;1;75
Sandshrew;27;1;0;ground;ice;50;75;85;20;30;40;300;1;1;1;0;1;1;1;1;1;2;1;2;1;0.5;1;0.5;1;2;255
Sandslash;28;1;0;ground;ice;75;100;110;45;55;65;450;1;1;1;0;1;1;1;1;1;2;1;2;1;0.5;1;0.5;1;2;90
Nidoran F;29;1;0;poison;;55;47;52;40;40;41;275;0.5;1;1;1;0.5;0.5;1;1;1;0.5;2;1;1;0.5;2;1;1;1;235
Nidorina;30;1;0;poison;;70;62;67;55;55;56;365;0.5;1;1;1;0.5;0.5;1;1;1;0.5;2;1;1;0.5;2;1;1;1;120
Nidoqueen;31;1;0;poison;ground;90;92;87;75;85;76;505;0.5;1;1;0;0.5;0.5;1;1;1;1;2;2;1;0.25;2;0.5;1;2;45
Nidoran M;32;1;0;poison;;46;57;40;40;40;50;273;0.5;1;1;1;0.5;0.5;1;1;1;0.5;2;1;1;0.5;2;1;1;1;235
Nidorino;33;1;0;poison;;61;72;57;55;55;65;365;0.5;1;1;1;0.5;0.5;1;1;1;0.5;2;1;1;0.5;2;1;1;1;120
Nidoking;34;1;0;poison;ground;81;102;77;85;75;85;505;0.5;1;1;0;0.5;0.5;1;1;1;1;2;2;1;0.25;2;0.5;1;2;45
Clefairy;35;1;0;fairy;;70;45;48;60;65;35;323;0.5;0.5;0;1;1;0.5;1;1;1;1;1;1;1;2;1;1;2;1;150
Clefable;36;1;0;fairy;;95;70;73;95;90;60;483;0.5;0.5;0;1;1;0.5;1;1;1;1;1;1;1;2;1;1;2;1;25
Vulpix;37;1;0;fire;ice;38;41;40;50;65;65;299;0.5;1;1;1;0.5;1;0.5;1;1;0.5;2;0.5;1;1;1;2;0.5;2;190
Ninetales;38;1;0;fire;ice;73;76;75;81;100;100;505;0.5;1;1;1;0.5;1;0.5;1;1;0.5;2;0.5;1;1;1;2;0.5;2;75
Jigglypuff;39;1;0;normal;fairy;115;45;20;45;25;20;270;0.5;0.5;0;1;1;1;1;1;0;1;1;1;1;2;1;1;2;1;170
Wigglytuff;40;1;0;normal;fairy;140;70;45;85;50;45;435;0.5;0.5;0;1;1;1;1;1;0;1;1;1;1;2;1;1;2;1;50
Zubat;41;1;0;poison;flying;40;45;35;30;40;55;245;0.25;1;1;2;0.5;0.25;1;1;1;0.25;0;2;1;0.5;2;2;1;1;255
Golbat;42;1;0;poison;flying;75;80;70;65;75;90;455;0.25;1;1;2;0.5;0.25;1;1;1;0.25;0;2;1;0.5;2;2;1;1;90
Oddish;43;1;0;grass;poison;45;50;55;75;65;30;320;1;1;1;0.5;0.5;0.5;2;2;1;0.25;1;2;1;1;2;1;1;0.5;255
Gloom;44;1;0;grass;poison;60;65;70;85;75;40;395;1;1;1;0.5;0.5;0.5;2;2;1;0.25;1;2;1;1;2;1;1;0.5;120
Vileplume;45;1;0;grass;poison;75;80;85;110;90;50;490;1;1;1;0.5;0.5;0.5;2;2;1;0.25;1;2;1;1;2;1;1;0.5;45
Paras;46;1;0;bug;grass;35;70;55;45;55;25;285;2;1;1;0.5;1;0.5;4;4;1;0.25;0.25;2;1;2;1;2;1;0.5;190
Parasect;47;1;0;bug;grass;60;95;80;60;80;30;405;2;1;1;0.5;1;0.5;4;4;1;0.25;0.25;2;1;2;1;2;1;0.5;75
Venonat;48;1;0;bug;poison;60;55;50;40;55;45;305;0.5;1;1;1;0.5;0.25;2;2;1;0.25;1;1;1;0.5;2;2;1;1;190
Venomoth;49;1;0;bug;poison;70;65;60;90;75;90;450;0.5;1;1;1;0.5;0.25;2;2;1;0.25;1;1;1;0.5;2;2;1;1;75
Diglett;50;1;0;ground;ground;10;55;25;35;45;95;265;1;1;1;0;1;1;1;1;1;2;1;2;1;0.5;1;0.5;1;2;255
Dugtrio;51;1;0;ground;ground;35;100;50;50;70;120;425;1;1;1;0;1;1;1;1;1;2;1;2;1;0.5;1;0.5;1;2;50
Meowth;52;1;0;normal;dark;40;45;35;40;40;90;290;1;1;1;1;1;2;1;1;0;1;1;1;1;1;1;1;1;1;255
Persian;53;1;0;normal;dark;65;70;60;65;65;115;440;1;1;1;1;1;2;1;1;0;1;1;1;1;1;1;1;1;1;90
Psyduck;54;1;0;water;;50;52;48;65;50;55;320;1;1;1;2;1;1;0.5;1;1;2;1;0.5;1;1;1;1;0.5;0.5;190
Golduck;55;1;0;water;;80;82;78;95;80;85;500;1;1;1;2;1;1;0.5;1;1;2;1;0.5;1;1;1;1;0.5;0.5;75
Mankey;56;1;0;fighting;;40;80;35;35;45;70;305;0.5;0.5;1;1;2;1;1;2;1;1;1;1;1;1;2;0.5;1;1;190
Primeape;57;1;0;fighting;;65;105;60;60;70;95;455;0.5;0.5;1;1;2;1;1;2;1;1;1;1;1;1;2;0.5;1;1;75
Growlithe;58;1;0;fire;;55;70;45;70;50;60;350;0.5;1;1;1;0.5;1;0.5;1;1;0.5;2;0.5;1;1;1;2;0.5;2;190
Arcanine;59;1;0;fire;;90;110;80;100;80;95;555;0.5;1;1;1;0.5;1;0.5;1;1;0.5;2;0.5;1;1;1;2;0.5;2;75
Poliwag;60;1;0;water;;40;50;40;40;40;90;300;1;1;1;2;1;1;0.5;1;1;2;1;0.5;1;1;1;1;0.5;0.5;255
Poliwhirl;61;1;0;water;;65;65;65;50;50;90;385;1;1;1;2;1;1;0.5;1;1;2;1;0.5;1;1;1;1;0.5;0.5;120
Poliwrath;62;1;0;water;fighting;90;95;95;70;90;70;510;0.5;0.5;1;2;2;1;0.5;2;1;2;1;0.5;1;1;2;0.5;0.5;0.5;45
Abra;63;1;0;psychic;;25;20;15;105;55;90;310;2;2;1;1;1;0.5;1;1;2;1;1;1;1;1;0.5;1;1;1;200
Kadabra;64;1;0;psychic;;40;35;30;120;70;105;400;2;2;1;1;1;0.5;1;1;2;1;1;1;1;1;0.5;1;1;1;100
Alakazam;65;1;0;psychic;;55;50;45;135;95;120;600;2;2;1;1;1;0.5;1;1;2;1;1;1;1;1;0.5;1;1;1;50
Machop;66;1;0;fighting;;70;80;50;35;35;35;305;0.5;0.5;1;1;2;1;1;2;1;1;1;1;1;1;2;0.5;1;1;180
Machoke;67;1;0;fighting;;80;100;70;50;60;45;405;0.5;0.5;1;1;2;1;1;2;1;1;1;1;1;1;2;0.5;1;1;90
Machamp;68;1;0;fighting;;90;130;80;65;85;55;505;0.5;0.5;1;1;2;1;1;2;1;1;1;1;1;1;2;0.5;1;1;45
Bellsprout;69;1;0;grass;poison;50;75;35;70;30;40;300;1;1;1;0.5;0.5;0.5;2;2;1;0.25;1;2;1;1;2;1;1;0.5;255
Weepinbell;70;1;0;grass;poison;65;90;50;85;45;55;390;1;1;1;0.5;0.5;0.5;2;2;1;0.25;1;2;1;1;2;1;1;0.5;120
Victreebel;71;1;0;grass;poison;80;105;65;100;70;70;490;1;1;1;0.5;0.5;0.5;2;2;1;0.25;1;2;1;1;2;1;1;0.5;45
Tentacool;72;1;0;water;poison;40;40;35;50;100;70;335;0.5;1;1;2;0.5;0.5;0.5;1;1;1;2;0.5;1;0.5;2;1;0.5;0.5;190
Tentacruel;73;1;0;water;poison;80;70;65;80;120;100;515;0.5;1;1;2;0.5;0.5;0.5;1;1;1;2;0.5;1;0.5;2;1;0.5;0.5;60
Geodude;74;1;0;rock;ground;40;80;100;30;30;20;300;1;1;1;0;1;2;0.5;0.5;1;4;2;2;0.5;0.25;1;0.5;2;4;255
Graveler;75;1;0;rock;ground;55;95;115;45;45;35;390;1;1;1;0;1;2;0.5;0.5;1;4;2;2;0.5;0.25;1;0.5;2;4;120
Golem;76;1;0;rock;ground;80;120;130;55;65;45;495;1;1;1;0;1;2;0.5;0.5;1;4;2;2;0.5;0.25;1;0.5;2;4;45
Ponyta;77;1;0;fire;;50;85;55;65;65;90;410;0.5;1;1;1;0.5;1;0.5;1;1;0.5;2;0.5;1;1;1;2;0.5;2;190
Rapidash;78;1;0;fire;;65;100;70;80;80;105;500;0.5;1;1;1;0.5;1;0.5;1;1;0.5;2;0.5;1;1;1;2;0.5;2;60
Slowpoke;79;1;0;water;psychic;90;65;65;40;40;15;315;2;2;1;2;1;0.5;0.5;1;2;2;1;0.5;1;1;0.5;1;0.5;0.5;190
Slowbro;80;1;0;water;psychic;95;75;110;100;80;30;590;2;2;1;2;1;0.5;0.5;1;2;2;1;0.5;1;1;0.5;1;0.5;0.5;75
Magnemite;81;1;0;electric;steel;25;35;70;95;55;45;325;0.5;1;0.5;0.5;0.5;2;2;0.25;1;0.5;4;0.5;0.5;0;0.5;0.5;0.25;1;190
Magneton;82;1;0;electric;steel;50;60;95;120;70;70;465;0.5;1;0.5;0.5;0.5;2;2;0.25;1;0.5;4;0.5;0.5;0;0.5;0.5;0.25;1;60
Farfetch'd;83;1;0;normal;flying;52;90;55;58;62;60;377;0.5;1;1;2;1;1;1;1;0;0.5;0;2;1;1;1;2;1;1;45
Doduo;84;1;0;normal;flying;35;85;45;35;35;75;310;0.5;1;1;2;1;1;1;1;0;0.5;0;2;1;1;1;2;1;1;190
Dodrio;85;1;0;normal;flying;60;110;70;60;60;110;470;0.5;1;1;2;1;1;1;1;0;0.5;0;2;1;1;1;2;1;1;45
Seel;86;1;0;water;;65;45;55;45;70;45;325;1;1;1;2;1;1;0.5;1;1;2;1;0.5;1;1;1;1;0.5;0.5;190
Dewgong;87;1;0;water;ice;90;70;80;70;95;70;475;1;1;1;2;1;2;1;1;1;2;1;0.25;1;1;1;2;1;0.5;75
Grimer;88;1;0;poison;poison;80;80;50;40;50;25;325;0.5;1;1;1;0.5;0.5;1;1;1;0.5;2;1;1;0.5;2;1;1;1;190
Muk;89;1;0;poison;poison;105;105;75;65;100;50;500;0.5;1;1;1;0.5;0.5;1;1;1;0.5;2;1;1;0.5;2;1;1;1;75
Shellder;90;1;0;water;;30;65;100;45;25;40;305;1;1;1;2;1;1;0.5;1;1;2;1;0.5;1;1;1;1;0.5;0.5;190
Cloyster;91;1;0;water;ice;50;95;180;85;45;70;525;1;1;1;2;1;2;1;1;1;2;1;0.25;1;1;1;2;1;0.5;60
Gastly;92;1;0;ghost;poison;30;35;30;100;35;80;310;0.25;2;1;1;0.5;0;1;1;2;0.5;2;1;0;0.25;2;1;1;1;190
Haunter;93;1;0;ghost;poison;45;50;45;115;55;95;405;0.25;2;1;1;0.5;0;1;1;2;0.5;2;1;0;0.25;2;1;1;1;90
Gengar;94;1;0;ghost;poison;60;65;60;130;75;110;600;0.25;2;1;1;0.5;0;1;1;2;0.5;2;1;0;0.25;2;1;1;1;45
Onix;95;1;0;rock;ground;35;45;160;30;45;70;385;1;1;1;0;1;2;0.5;0.5;1;4;2;2;0.5;0.25;1;0.5;2;4;45
Drowzee;96;1;0;psychic;;60;48;45;43;90;42;328;2;2;1;1;1;0.5;1;1;2;1;1;1;1;1;0.5;1;1;1;190
Hypno;97;1;0;psychic;;85;73;70;73;115;67;483;2;2;1;1;1;0.5;1;1;2;1;1;1;1;1;0.5;1;1;1;75
Krabby;98;1;0;water;;30;105;90;25;25;50;325;1;1;1;2;1;1;0.5;1;1;2;1;0.5;1;1;1;1;0.5;0.5;225
Kingler;99;1;0;water;;55;130;115;50;50;75;475;1;1;1;2;1;1;0.5;1;1;2;1;0.5;1;1;1;1;0.5;0.5;60
Voltorb;100;1;0;electric;;40;30;50;55;55;100;330;1;1;1;0.5;1;1;1;0.5;1;1;2;1;1;1;1;1;0.5;1;190
Electrode;101;1;0;electric;;60;50;70;80;80;150;490;1;1;1;0.5;1;1;1;0.5;1;1;2;1;1;1;1;1;0.5;1;60
Exeggcute;102;1;0;grass;psychic;60;40;80;60;45;40;325;4;2;1;0.5;1;0.5;2;2;2;0.5;0.5;2;1;2;0.5;1;1;0.5;90
Exeggutor;103;1;0;grass;psychic;95;95;85;125;75;55;530;4;2;1;0.5;1;0.5;2;2;2;0.5;0.5;2;1;2;0.5;1;1;0.5;45
Cubone;104;1;0;ground;;50;50;95;40;50;35;320;1;1;1;0;1;1;1;1;1;2;1;2;1;0.5;1;0.5;1;2;190
Marowak;105;1;0;ground;fire;60;80;110;50;80;45;425;1;1;1;0;1;1;1;1;1;2;1;2;1;0.5;1;0.5;1;2;75
Hitmonlee;106;1;0;fighting;;50;120;53;35;110;87;455;0.5;0.5;1;1;2;1;1;2;1;1;1;1;1;1;2;0.5;1;1;45
Hitmonchan;107;1;0;fighting;;50;105;79;35;110;76;455;0.5;0.5;1;1;2;1;1;2;1;1;1;1;1;1;2;0.5;1;1;45
Lickitung;108;1;0;normal;;90;55;75;60;75;30;385;1;1;1;1;1;2;1;1;0;1;1;1;1;1;1;1;1;1;45
Koffing;109;1;0;poison;;40;65;95;60;45;35;340;0.5;1;1;1;0.5;0.5;1;1;1;0.5;2;1;1;0.5;2;1;1;1;190
Weezing;110;1;0;poison;;65;90;120;85;70;60;490;0.5;1;1;1;0.5;0.5;1;1;1;0.5;2;1;1;0.5;2;1;1;1;60
Rhyhorn;111;1;0;ground;rock;80;85;95;30;30;25;345;1;1;1;0;1;2;0.5;0.5;1;4;2;2;0.5;0.25;1;0.5;2;4;120
Rhydon;112;1;0;ground;rock;105;130;120;45;45;40;485;1;1;1;0;1;2;0.5;0.5;1;4;2;2;0.5;0.25;1;0.5;2;4;60
Chansey;113;1;0;normal;;250;5;5;35;105;50;450;1;1;1;1;1;2;1;1;0;1;1;1;1;1;1;1;1;1;30
Tangela;114;1;0;grass;;65;55;115;100;40;60;435;2;1;1;0.5;1;1;2;2;1;0.5;0.5;2;1;2;1;1;1;0.5;45
Kangaskhan;115;1;0;normal;;105;95;80;40;80;90;590;1;1;1;1;1;2;1;1;0;1;1;1;1;1;1;1;1;1;45
Horsea;116;1;0;water;;30;40;70;70;25;60;295;1;1;1;2;1;1;0.5;1;1;2;1;0.5;1;1;1;1;0.5;0.5;225
Seadra;117;1;0;water;;55;65;95;95;45;85;440;1;1;1;2;1;1;0.5;1;1;2;1;0.5;1;1;1;1;0.5;0.5;75
Goldeen;118;1;0;water;;45;67;60;35;50;63;320;1;1;1;2;1;1;0.5;1;1;2;1;0.5;1;1;1;1;0.5;0.5;225
Seaking;119;1;0;water;;80;92;65;65;80;68;450;1;1;1;2;1;1;0.5;1;1;2;1;0.5;1;1;1;1;0.5;0.5;60
Staryu;120;1;0;water;;30;45;55;70;55;85;340;1;1;1;2;1;1;0.5;1;1;2;1;0.5;1;1;1;1;0.5;0.5;225
Starmie;121;1;0;water;psychic;60;75;85;100;85;115;520;2;2;1;2;1;0.5;0.5;1;2;2;1;0.5;1;1;0.5;1;0.5;0.5;60
Mr. Mime;122;1;0;psychic;fairy;40;45;65;100;120;90;460;1;1;0;1;1;0.25;1;1;2;1;1;1;1;2;0.5;1;2;1;45
Scyther;123;1;0;bug;flying;70;110;80;55;80;105;500;0.5;1;1;2;1;0.25;2;2;1;0.25;0;2;1;1;1;4;1;1;45
Jynx;124;1;0;ice;psychic;65;50;35;115;95;95;455;2;2;1;1;1;1;2;1;2;1;1;0.5;1;1;0.5;2;2;1;45
Electabuzz;125;1;0;electric;;65;83;57;95;85;105;490;1;1;1;0.5;1;1;1;0.5;1;1;2;1;1;1;1;1;0.5;1;45
Magmar;126;1;0;fire;;65;95;57;100;85;93;495;0.5;1;1;1;0.5;1;0.5;1;1;0.5;2;0.5;1;1;1;2;0.5;2;45
Pinsir;127;1;0;bug;;65;125;100;55;70;85;600;1;1;1;1;1;0.5;2;2;1;0.5;0.5;1;1;1;1;2;1;1;45
Tauros;128;1;0;normal;;75;100;95;40;70;110;490;1;1;1;1;1;2;1;1;0;1;1;1;1;1;1;1;1;1;45
Magikarp;129;1;0;water;;20;10;55;15;20;80;200;1;1;1;2;1;1;0.5;1;1;2;1;0.5;1;1;1;1;0.5;0.5;255
Gyarados;130;1;0;water;flying;95;125;79;60;100;81;640;0.5;1;1;4;1;0.5;0.5;1;1;1;0;1;1;1;1;2;0.5;0.5;45
Lapras;131;1;0;water;ice;130;85;80;85;95;60;535;1;1;1;2;1;2;1;1;1;2;1;0.25;1;1;1;2;1;0.5;45
Ditto;132;1;0;normal;;48;48;48;48;48;48;288;1;1;1;1;1;2;1;1;0;1;1;1;1;1;1;1;1;1;35
Eevee;133;1;0;normal;;55;55;50;45;65;55;325;1;1;1;1;1;2;1;1;0;1;1;1;1;1;1;1;1;1;45
Vaporeon;134;1;0;water;;130;65;60;110;95;65;525;1;1;1;2;1;1;0.5;1;1;2;1;0.5;1;1;1;1;0.5;0.5;45
Jolteon;135;1;0;electric;;65;65;60;110;95;130;525;1;1;1;0.5;1;1;1;0.5;1;1;2;1;1;1;1;1;0.5;1;45
Flareon;136;1;0;fire;;65;130;60;95;110;65;525;0.5;1;1;1;0.5;1;0.5;1;1;0.5;2;0.5;1;1;1;2;0.5;2;45
Porygon;137;1;0;normal;;65;60;70;85;75;40;395;1;1;1;1;1;2;1;1;0;1;1;1;1;1;1;1;1;1;45
Omanyte;138;1;0;rock;water;35;40;100;90;55;35;355;1;1;1;2;1;2;0.25;0.5;1;4;2;0.5;0.5;0.5;1;1;1;1;45
Omastar;139;1;0;rock;water;70;60;125;115;70;55;495;1;1;1;2;1;2;0.25;0.5;1;4;2;0.5;0.5;0.5;1;1;1;1;45
Kabuto;140;1;0;rock;water;30;80;90;55;45;55;355;1;1;1;2;1;2;0.25;0.5;1;4;2;0.5;0.5;0.5;1;1;1;1;45
Kabutops;141;1;0;rock;water;60;115;105;65;70;80;495;1;1;1;2;1;2;0.25;0.5;1;4;2;0.5;0.5;0.5;1;1;1;1;45
Aerodactyl;142;1;0;rock;flying;80;105;65;60;75;130;615;0.5;1;1;2;1;1;0.5;0.5;1;1;0;2;0.5;0.5;1;2;2;2;45
Snorlax;143;1;0;normal;;160;110;65;65;110;30;540;1;1;1;1;1;2;1;1;0;1;1;1;1;1;1;1;1;1;25
Articuno;144;1;1;ice;flying;90;85;100;95;125;85;580;0.5;1;1;2;1;1;2;1;1;0.5;0;1;1;1;1;4;2;1;3
Zapdos;145;1;1;electric;flying;90;90;85;125;90;100;580;0.5;1;1;1;1;0.5;1;0.5;1;0.5;0;2;1;1;1;2;0.5;1;3
Moltres;146;1;1;fire;flying;90;100;90;125;85;90;580;0.25;1;1;2;0.5;0.5;0.5;1;1;0.25;0;1;1;1;1;4;0.5;2;3
Dratini;147;1;0;dragon;;41;64;45;50;50;50;300;1;1;2;0.5;2;1;0.5;1;1;0.5;1;2;1;1;1;1;1;0.5;45
Dragonair;148;1;0;dragon;;61;84;65;70;70;70;420;1;1;2;0.5;2;1;0.5;1;1;0.5;1;2;1;1;1;1;1;0.5;45
Dragonite;149;1;0;dragon;flying;91;134;95;100;100;80;600;0.5;1;2;1;2;0.5;0.5;1;1;0.25;0;4;1;1;1;2;1;0.5;45
Mewtwo;150;1;1;psychic;;106;110;90;154;90;130;780;2;2;1;1;1;0.5;1;1;2;1;1;1;1;1;0.5;1;1;1;3
Mew;151;1;1;psychic;;100;100;100;100;100;100;600;2;2;1;1;1;0.5;1;1;2;1;1;1;1;1;0.5;1;1;1;45
Chikorita;152;2;0;grass;;45;49;65;49;65;45;318;2;1;1;0.5;1;1;2;2;1;0.5;0.5;2;1;2;1;1;1;0.5;45
Bayleef;153;2;0;grass;;60;62;80;63;80;60;405;2;1;1;0.5;1;1;2;2;1;0.5;0.5;2;1;2;1;1;1;0.5;45
Meganium;154;2;0;grass;;80;82;100;83;100;80;525;2;1;1;0.5;1;1;2;2;1;0.5;0.5;2;1;2;1;1;1;0.5;45
Cyndaquil;155;2;0;fire;;39;52;43;60;50;65;309;0.5;1;1;1;0.5;1;0.5;1;1;0.5;2;0.5;1;1;1;2;0.5;2;45
Quilava;156;2;0;fire;;58;64;58;80;65;80;405;0.5;1;1;1;0.5;1;0.5;1;1;0.5;2;0.5;1;1;1;2;0.5;2;45
Typhlosion;157;2;0;fire;;78;84;78;109;85;100;534;0.5;1;1;1;0.5;1;0.5;1;1;0.5;2;0.5;1;1;1;2;0.5;2;45
Totodile;158;2;0;water;;50;65;64;44;48;43;314;1;1;1;2;1;1;0.5;1;1;2;1;0.5;1;1;1;1;0.5;0.5;45
Croconaw;159;2;0;water;;65;80;80;59;63;58;405;1;1;1;2;1;1;0.5;1;1;2;1;0.5;1;1;1;1;0.5;0.5;45
Feraligatr;160;2;0;water;;85;105;100;79;83;78;530;1;1;1;2;1;1;0.5;1;1;2;1;0.5;1;1;1;1;0.5;0.5;45
Sentret;161;2;0;normal;;35;46;34;35;45;20;215;1;1;1;1;1;2;1;1;0;1;1;1;1;1;1;1;1;1;255
Furret;162;2;0;normal;;85;76;64;45;55;90;415;1;1;1;1;1;2;1;1;0;1;1;1;1;1;1;1;1;1;90
Hoothoot;163;2;0;normal;flying;60;30;30;36;56;50;262;0.5;1;1;2;1;1;1;1;0;0.5;0;2;1;1;1;2;1;1;255
Noctowl;164;2;0;normal;flying;100;50;50;86;96;70;452;0.5;1;1;2;1;1;1;1;0;0.5;0;2;1;1;1;2;1;1;90
Ledyba;165;2;0;bug;flying;40;20;30;40;80;55;265;0.5;1;1;2;1;0.25;2;2;1;0.25;0;2;1;1;1;4;1;1;255
Ledian;166;2;0;bug;flying;55;35;50;55;110;85;390;0.5;1;1;2;1;0.25;2;2;1;0.25;0;2;1;1;1;4;1;1;90
Spinarak;167;2;0;bug;poison;40;60;40;40;40;30;250;0.5;1;1;1;0.5;0.25;2;2;1;0.25;1;1;1;0.5;2;2;1;1;255
Ariados;168;2;0;bug;poison;70;90;70;60;70;40;400;0.5;1;1;1;0.5;0.25;2;2;1;0.25;1;1;1;0.5;2;2;1;1;90
Crobat;169;2;0;poison;flying;85;90;80;70;80;130;535;0.25;1;1;2;0.5;0.25;1;1;1;0.25;0;2;1;0.5;2;2;1;1;90
Chinchou;170;2;0;water;electric;75;38;38;56;56;67;330;1;1;1;1;1;1;0.5;0.5;1;2;2;0.5;1;1;1;1;0.25;0.5;190
Lanturn;171;2;0;water;electric;125;58;58;76;76;67;460;1;1;1;1;1;1;0.5;0.5;1;2;2;0.5;1;1;1;1;0.25;0.5;75
Pichu;172;2;0;electric;;20;40;15;35;35;60;205;1;1;1;0.5;1;1;1;0.5;1;1;2;1;1;1;1;1;0.5;1;190
Cleffa;173;2;0;fairy;;50;25;28;45;55;15;218;0.5;0.5;0;1;1;0.5;1;1;1;1;1;1;1;2;1;1;2;1;150
Igglybuff;174;2;0;normal;fairy;90;30;15;40;20;15;210;0.5;0.5;0;1;1;1;1;1;0;1;1;1;1;2;1;1;2;1;170
Togepi;175;2;0;fairy;;35;20;65;40;65;20;245;0.5;0.5;0;1;1;0.5;1;1;1;1;1;1;1;2;1;1;2;1;190
Togetic;176;2;0;fairy;flying;55;40;85;80;105;40;405;0.25;0.5;0;2;1;0.25;1;1;1;0.5;0;2;1;2;1;2;2;1;75
Natu;177;2;0;psychic;flying;40;50;45;70;45;70;320;1;2;1;2;1;0.25;1;1;2;0.5;0;2;1;1;0.5;2;1;1;190
Xatu;178;2;0;psychic;flying;65;75;70;95;70;95;470;1;2;1;2;1;0.25;1;1;2;0.5;0;2;1;1;0.5;2;1;1;75
Mareep;179;2;0;electric;;55;40;40;65;45;35;280;1;1;1;0.5;1;1;1;0.5;1;1;2;1;1;1;1;1;0.5;1;235
Flaaffy;180;2;0;electric;;70;55;55;80;60;45;365;1;1;1;0.5;1;1;1;0.5;1;1;2;1;1;1;1;1;0.5;1;120
Ampharos;181;2;0;electric;;90;75;85;115;90;55;610;1;1;1;0.5;1;1;1;0.5;1;1;2;1;1;1;1;1;0.5;1;45
Bellossom;182;2;0;grass;;75;80;95;90;100;50;490;2;1;1;0.5;1;1;2;2;1;0.5;0.5;2;1;2;1;1;1;0.5;45
Marill;183;2;0;water;fairy;70;20;50;20;50;40;250;0.5;0.5;0;2;1;0.5;0.5;1;1;2;1;0.5;1;2;1;1;1;0.5;190
Azumarill;184;2;0;water;fairy;100;50;80;60;80;50;420;0.5;0.5;0;2;1;0.5;0.5;1;1;2;1;0.5;1;2;1;1;1;0.5;75
Sudowoodo;185;2;0;rock;;70;100;115;30;65;30;410;1;1;1;1;1;2;0.5;0.5;1;2;2;1;0.5;0.5;1;1;2;2;65
Politoed;186;2;0;water;;90;75;75;90;100;70;500;1;1;1;2;1;1;0.5;1;1;2;1;0.5;1;1;1;1;0.5;0.5;45
Hoppip;187;2;0;grass;flying;35;35;40;35;55;50;250;1;1;1;1;1;0.5;2;2;1;0.25;0;4;1;2;1;2;1;0.5;255
Skiploom;188;2;0;grass;flying;55;45;50;45;65;80;340;1;1;1;1;1;0.5;2;2;1;0.25;0;4;1;2;1;2;1;0.5;120
Jumpluff;189;2;0;grass;flying;75;55;70;55;95;110;460;1;1;1;1;1;0.5;2;2;1;0.25;0;4;1;2;1;2;1;0.5;45
Aipom;190;2;0;normal;;55;70;55;40;55;85;360;1;1;1;1;1;2;1;1;0;1;1;1;1;1;1;1;1;1;45
Sunkern;191;2;0;grass;;30;30;30;30;30;30;180;2;1;1;0.5;1;1;2;2;1;0.5;0.5;2;1;2;1;1;1;0.5;235
Sunflora;192;2;0;grass;;75;75;55;105;85;30;425;2;1;1;0.5;1;1;2;2;1;0.5;0.5;2;1;2;1;1;1;0.5;120
Yanma;193;2;0;bug;flying;65;65;45;75;45;95;390;0.5;1;1;2;1;0.25;2;2;1;0.25;0;2;1;1;1;4;1;1;75
Wooper;194;2;0;water;ground;55;45;45;25;25;15;210;1;1;1;0;1;1;0.5;1;1;4;1;1;1;0.5;1;0.5;0.5;1;255
Quagsire;195;2;0;water;ground;95;85;85;65;65;35;430;1;1;1;0;1;1;0.5;1;1;4;1;1;1;0.5;1;0.5;0.5;1;90
Espeon;196;2;0;psychic;;65;65;60;130;95;110;525;2;2;1;1;1;0.5;1;1;2;1;1;1;1;1;0.5;1;1;1;45
Umbreon;197;2;0;dark;;95;65;110;60;130;65;525;2;0.5;1;1;2;2;1;1;0.5;1;1;1;1;1;0;1;1;1;45
Murkrow;198;2;0;dark;flying;60;85;42;85;42;91;405;1;0.5;1;2;2;1;1;1;0.5;0.5;0;2;1;1;0;2;1;1;30
Slowking;199;2;0;water;psychic;95;75;80;100;110;30;490;2;2;1;2;1;0.5;0.5;1;2;2;1;0.5;1;1;0.5;1;0.5;0.5;70
Misdreavus;200;2;0;ghost;;60;60;60;85;85;85;435;0.5;2;1;1;1;0;1;1;2;1;1;1;0;0.5;1;1;1;1;45
Unown;201;2;0;psychic;;48;72;48;72;48;48;336;2;2;1;1;1;0.5;1;1;2;1;1;1;1;1;0.5;1;1;1;225
Wobbuffet;202;2;0;psychic;;190;33;58;33;58;33;405;2;2;1;1;1;0.5;1;1;2;1;1;1;1;1;0.5;1;1;1;45
Girafarig;203;2;0;normal;psychic;70;80;65;90;65;85;455;2;2;1;1;1;1;1;1;0;1;1;1;1;1;0.5;1;1;1;60
Pineco;204;2;0;bug;;50;65;90;35;35;15;290;1;1;1;1;1;0.5;2;2;1;0.5;0.5;1;1;1;1;2;1;1;190
Forretress;205;2;0;bug;steel;75;90;140;60;60;40;465;0.5;1;0.5;1;0.5;1;4;1;1;0.25;1;0.5;0.5;0;0.5;1;0.5;1;75
Dunsparce;206;2;0;normal;;100;70;70;65;65;45;415;1;1;1;1;1;2;1;1;0;1;1;1;1;1;1;1;1;1;190
Gligar;207;2;0;ground;flying;65;75;105;35;65;85;430;0.5;1;1;0;1;0.5;1;1;1;1;0;4;1;0.5;1;1;1;2;60
Steelix;208;2;0;steel;ground;75;85;200;55;65;30;610;0.5;1;0.5;0;0.5;2;2;0.5;1;1;2;1;0.5;0;0.5;0.25;0.5;2;25
Snubbull;209;2;0;fairy;;60;80;50;40;40;30;300;0.5;0.5;0;1;1;0.5;1;1;1;1;1;1;1;2;1;1;2;1;190
Granbull;210;2;0;fairy;;90;120;75;60;60;45;450;0.5;0.5;0;1;1;0.5;1;1;1;1;1;1;1;2;1;1;2;1;75
Qwilfish;211;2;0;water;poison;65;95;85;55;55;85;440;0.5;1;1;2;0.5;0.5;0.5;1;1;1;2;0.5;1;0.5;2;1;0.5;0.5;45
Scizor;212;2;0;bug;steel;70;130;100;55;80;65;600;0.5;1;0.5;1;0.5;1;4;1;1;0.25;1;0.5;0.5;0;0.5;1;0.5;1;25
Shuckle;213;2;0;bug;rock;20;10;230;10;230;5;505;1;1;1;1;1;1;1;1;1;1;1;1;0.5;0.5;1;2;2;2;190
Heracross;214;2;0;bug;fighting;80;125;75;40;95;85;600;0.5;0.5;1;1;2;0.5;2;4;1;0.5;0.5;1;1;1;2;1;1;1;45
Sneasel;215;2;0;dark;ice;55;95;55;35;75;115;430;2;0.5;1;1;2;4;2;1;0.5;1;1;0.5;1;1;0;2;2;1;60
Teddiursa;216;2;0;normal;;60;80;50;50;50;40;330;1;1;1;1;1;2;1;1;0;1;1;1;1;1;1;1;1;1;120
Ursaring;217;2;0;normal;;90;130;75;75;75;55;500;1;1;1;1;1;2;1;1;0;1;1;1;1;1;1;1;1;1;60
Slugma;218;2;0;fire;;40;40;40;70;40;20;250;0.5;1;1;1;0.5;1;0.5;1;1;0.5;2;0.5;1;1;1;2;0.5;2;190
Magcargo;219;2;0;fire;rock;60;50;120;90;80;30;430;0.5;1;1;1;0.5;2;0.25;0.5;1;1;4;0.5;0.5;0.5;1;2;1;4;75
Swinub;220;2;0;ice;ground;50;50;40;30;30;50;250;1;1;1;0;1;2;2;1;1;2;1;1;1;0.5;1;1;2;2;225
Piloswine;221;2;0;ice;ground;100;100;80;60;60;50;450;1;1;1;0;1;2;2;1;1;2;1;1;1;0.5;1;1;2;2;75
Corsola;222;2;0;water;rock;65;55;95;65;95;35;410;1;1;1;2;1;2;0.25;0.5;1;4;2;0.5;0.5;0.5;1;1;1;1;60
Remoraid;223;2;0;water;;35;65;35;65;35;65;300;1;1;1;2;1;1;0.5;1;1;2;1;0.5;1;1;1;1;0.5;0.5;190
Octillery;224;2;0;water;;75;105;75;105;75;45;480;1;1;1;2;1;1;0.5;1;1;2;1;0.5;1;1;1;1;0.5;0.5;75
Delibird;225;2;0;ice;flying;45;55;45;65;45;75;330;0.5;1;1;2;1;1;2;1;1;0.5;0;1;1;1;1;4;2;1;45
Mantine;226;2;0;water;flying;85;40;70;80;140;70;485;0.5;1;1;4;1;0.5;0.5;1;1;1;0;1;1;1;1;2;0.5;0.5;25
Skarmory;227;2;0;steel;flying;65;80;140;40;70;70;465;0.25;1;0.5;2;0.5;1;2;0.5;1;0.25;0;1;0.5;0;0.5;1;0.5;1;25
Houndour;228;2;0;dark;fire;45;60;30;80;50;65;330;1;0.5;1;1;1;2;0.5;1;0.5;0.5;2;0.5;1;1;0;2;0.5;2;120
Houndoom;229;2;0;dark;fire;75;90;50;110;80;95;600;1;0.5;1;1;1;2;0.5;1;0.5;0.5;2;0.5;1;1;0;2;0.5;2;45
Kingdra;230;2;0;water;dragon;75;95;95;95;95;85;540;1;1;2;1;2;1;0.25;1;1;1;1;1;1;1;1;1;0.5;0.25;45
Phanpy;231;2;0;ground;;90;60;60;40;40;40;330;1;1;1;0;1;1;1;1;1;2;1;2;1;0.5;1;0.5;1;2;120
Donphan;232;2;0;ground;;90;120;120;60;60;50;500;1;1;1;0;1;1;1;1;1;2;1;2;1;0.5;1;0.5;1;2;60
Porygon2;233;2;0;normal;;85;80;90;105;95;60;515;1;1;1;1;1;2;1;1;0;1;1;1;1;1;1;1;1;1;45
Stantler;234;2;0;normal;;73;95;62;85;65;85;465;1;1;1;1;1;2;1;1;0;1;1;1;1;1;1;1;1;1;45
Smeargle;235;2;0;normal;;55;20;35;20;45;75;250;1;1;1;1;1;2;1;1;0;1;1;1;1;1;1;1;1;1;45
Tyrogue;236;2;0;fighting;;35;35;35;35;35;35;210;0.5;0.5;1;1;2;1;1;2;1;1;1;1;1;1;2;0.5;1;1;75
Hitmontop;237;2;0;fighting;;50;95;95;35;110;70;455;0.5;0.5;1;1;2;1;1;2;1;1;1;1;1;1;2;0.5;1;1;45
Smoochum;238;2;0;ice;psychic;45;30;15;85;65;65;305;2;2;1;1;1;1;2;1;2;1;1;0.5;1;1;0.5;2;2;1;45
Elekid;239;2;0;electric;;45;63;37;65;55;95;360;1;1;1;0.5;1;1;1;0.5;1;1;2;1;1;1;1;1;0.5;1;45
Magby;240;2;0;fire;;45;75;37;70;55;83;365;0.5;1;1;1;0.5;1;0.5;1;1;0.5;2;0.5;1;1;1;2;0.5;2;45
Miltank;241;2;0;normal;;95;80;105;40;70;100;490;1;1;1;1;1;2;1;1;0;1;1;1;1;1;1;1;1;1;45
Blissey;242;2;0;normal;;255;10;10;75;135;55;540;1;1;1;1;1;2;1;1;0;1;1;1;1;1;1;1;1;1;30
Raikou;243;2;1;electric;;90;85;75;115;100;115;580;1;1;1;0.5;1;1;1;0.5;1;1;2;1;1;1;1;1;0.5;1;3
Entei;244;2;1;fire;;115;115;85;90;75;100;580;0.5;1;1;1;0.5;1;0.5;1;1;0.5;2;0.5;1;1;1;2;0.5;2;3
Suicune;245;2;1;water;;100;75;115;90;115;85;580;1;1;1;2;1;1;0.5;1;1;2;1;0.5;1;1;1;1;0.5;0.5;3
Larvitar;246;2;0;rock;ground;50;64;50;45;50;41;300;1;1;1;0;1;2;0.5;0.5;1;4;2;2;0.5;0.25;1;0.5;2;4;45
Pupitar;247;2;0;rock;ground;70;84;70;65;70;51;410;1;1;1;0;1;2;0.5;0.5;1;4;2;2;0.5;0.25;1;0.5;2;4;45
Tyranitar;248;2;0;rock;dark;100;134;110;95;100;61;700;2;0.5;1;1;2;4;0.5;0.5;0.5;2;2;1;0.5;0.5;0;1;2;2;45
Lugia;249;2;1;psychic;flying;106;90;130;90;154;110;680;1;2;1;2;1;0.25;1;1;2;0.5;0;2;1;1;0.5;2;1;1;3
Ho-Oh;250;2;1;fire;flying;106;130;90;110;154;90;680;0.25;1;1;2;0.5;0.5;0.5;1;1;0.25;0;1;1;1;1;4;0.5;2;3
Celebi;251;2;1;psychic;grass;100;100;100;100;100;100;600;4;2;1;0.5;1;0.5;2;2;2;0.5;0.5;2;1;2;0.5;1;1;0.5;45
Treecko;252;3;0;grass;;40;45;35;65;55;70;310;2;1;1;0.5;1;1;2;2;1;0.5;0.5;2;1;2;1;1;1;0.5;45
Grovyle;253;3;0;grass;;50;65;45;85;65;95;405;2;1;1;0.5;1;1;2;2;1;0.5;0.5;2;1;2;1;1;1;0.5;45
Sceptile;254;3;0;grass;;70;85;65;105;85;120;630;2;1;1;0.5;1;1;2;2;1;0.5;0.5;2;1;2;1;1;1;0.5;45
Torchic;255;3;0;fire;;45;60;40;70;50;45;310;0.5;1;1;1;0.5;1;0.5;1;1;0.5;2;0.5;1;1;1;2;0.5;2;45
Combusken;256;3;0;fire;fighting;60;85;60;85;60;55;405;0.25;0.5;1;1;1;1;0.5;2;1;0.5;2;0.5;1;1;2;1;0.5;2;45
Blaziken;257;3;0;fire;fighting;80;120;70;110;70;80;630;0.25;0.5;1;1;1;1;0.5;2;1;0.5;2;0.5;1;1;2;1;0.5;2;45
Mudkip;258;3;0;water;;50;70;50;50;50;40;310;1;1;1;2;1;1;0.5;1;1;2;1;0.5;1;1;1;1;0.5;0.5;45
Marshtomp;259;3;0;water;ground;70;85;70;60;70;50;405;1;1;1;0;1;1;0.5;1;1;4;1;1;1;0.5;1;0.5;0.5;1;45
Swampert;260;3;0;water;ground;100;110;90;85;90;60;635;1;1;1;0;1;1;0.5;1;1;4;1;1;1;0.5;1;0.5;0.5;1;45
Poochyena;261;3;0;dark;;35;55;35;30;30;35;220;2;0.5;1;1;2;2;1;1;0.5;1;1;1;1;1;0;1;1;1;255
Mightyena;262;3;0;dark;;70;90;70;60;60;70;420;2;0.5;1;1;2;2;1;1;0.5;1;1;1;1;1;0;1;1;1;127
Zigzagoon;263;3;0;normal;;38;30;41;30;41;60;240;1;1;1;1;1;2;1;1;0;1;1;1;1;1;1;1;1;1;255
Linoone;264;3;0;normal;;78;70;61;50;61;100;420;1;1;1;1;1;2;1;1;0;1;1;1;1;1;1;1;1;1;90
Wurmple;265;3;0;bug;;45;45;35;20;30;20;195;1;1;1;1;1;0.5;2;2;1;0.5;0.5;1;1;1;1;2;1;1;255
Silcoon;266;3;0;bug;;50;35;55;25;25;15;205;1;1;1;1;1;0.5;2;2;1;0.5;0.5;1;1;1;1;2;1;1;120
Beautifly;267;3;0;bug;flying;60;70;50;100;50;65;395;0.5;1;1;2;1;0.25;2;2;1;0.25;0;2;1;1;1;4;1;1;45
Cascoon;268;3;0;bug;;50;35;55;25;25;15;205;1;1;1;1;1;0.5;2;2;1;0.5;0.5;1;1;1;1;2;1;1;120
Dustox;269;3;0;bug;poison;60;50;70;50;90;65;385;0.5;1;1;1;0.5;0.25;2;2;1;0.25;1;1;1;0.5;2;2;1;1;45
Lotad;270;3;0;water;grass;40;30;30;40;50;30;220;2;1;1;1;1;1;1;2;1;1;0.5;1;1;2;1;1;0.5;0.25;255
Lombre;271;3;0;water;grass;60;50;50;60;70;50;340;2;1;1;1;1;1;1;2;1;1;0.5;1;1;2;1;1;0.5;0.25;120
Ludicolo;272;3;0;water;grass;80;70;70;90;100;70;480;2;1;1;1;1;1;1;2;1;1;0.5;1;1;2;1;1;0.5;0.25;45
Seedot;273;3;0;grass;;40;40;50;30;30;30;220;2;1;1;0.5;1;1;2;2;1;0.5;0.5;2;1;2;1;1;1;0.5;255
Nuzleaf;274;3;0;grass;dark;70;70;40;60;40;60;340;4;0.5;1;0.5;2;2;2;2;0.5;0.5;0.5;2;1;2;0;1;1;0.5;120
Shiftry;275;3;0;grass;dark;90;100;60;90;60;80;480;4;0.5;1;0.5;2;2;2;2;0.5;0.5;0.5;2;1;2;0;1;1;0.5;45
Taillow;276;3;0;normal;flying;40;55;30;30;30;85;270;0.5;1;1;2;1;1;1;1;0;0.5;0;2;1;1;1;2;1;1;200
Swellow;277;3;0;normal;flying;60;85;60;75;50;125;455;0.5;1;1;2;1;1;1;1;0;0.5;0;2;1;1;1;2;1;1;45
Wingull;278;3;0;water;flying;40;30;30;55;30;85;270;0.5;1;1;4;1;0.5;0.5;1;1;1;0;1;1;1;1;2;0.5;0.5;190
Pelipper;279;3;0;water;flying;60;50;100;95;70;65;440;0.5;1;1;4;1;0.5;0.5;1;1;1;0;1;1;1;1;2;0.5;0.5;45
Ralts;280;3;0;psychic;fairy;28;25;25;45;35;40;198;1;1;0;1;1;0.25;1;1;2;1;1;1;1;2;0.5;1;2;1;235
Kirlia;281;3;0;psychic;fairy;38;35;35;65;55;50;278;1;1;0;1;1;0.25;1;1;2;1;1;1;1;2;0.5;1;2;1;120
Gardevoir;282;3;0;psychic;fairy;68;65;65;125;115;80;618;1;1;0;1;1;0.25;1;1;2;1;1;1;1;2;0.5;1;2;1;45
Surskit;283;3;0;bug;water;40;30;32;50;52;65;269;1;1;1;2;1;0.5;1;2;1;1;0.5;0.5;1;1;1;2;0.5;0.5;200
Masquerain;284;3;0;bug;flying;70;60;62;100;82;80;454;0.5;1;1;2;1;0.25;2;2;1;0.25;0;2;1;1;1;4;1;1;75
Shroomish;285;3;0;grass;;60;40;60;40;60;35;295;2;1;1;0.5;1;1;2;2;1;0.5;0.5;2;1;2;1;1;1;0.5;255
Breloom;286;3;0;grass;fighting;60;130;80;60;60;70;460;1;0.5;1;0.5;2;1;2;4;1;0.5;0.5;2;1;2;2;0.5;1;0.5;90
Slakoth;287;3;0;normal;;60;60;60;35;35;30;280;1;1;1;1;1;2;1;1;0;1;1;1;1;1;1;1;1;1;255
Vigoroth;288;3;0;normal;;80;80;80;55;55;90;440;1;1;1;1;1;2;1;1;0;1;1;1;1;1;1;1;1;1;120
Slaking;289;3;0;normal;;150;160;100;95;65;100;670;1;1;1;1;1;2;1;1;0;1;1;1;1;1;1;1;1;1;45
Nincada;290;3;0;bug;ground;31;45;90;30;30;40;266;1;1;1;0;1;0.5;2;2;1;1;0.5;2;1;0.5;1;1;1;2;255
Ninjask;291;3;0;bug;flying;61;90;45;50;50;160;456;0.5;1;1;2;1;0.25;2;2;1;0.25;0;2;1;1;1;4;1;1;120
Shedinja;292;3;0;bug;ghost;1;90;45;30;30;40;236;0.5;2;1;1;1;0;2;2;2;0.5;0.5;1;0;0.5;1;2;1;1;45
Whismur;293;3;0;normal;;64;51;23;51;23;28;240;1;1;1;1;1;2;1;1;0;1;1;1;1;1;1;1;1;1;190
Loudred;294;3;0;normal;;84;71;43;71;43;48;360;1;1;1;1;1;2;1;1;0;1;1;1;1;1;1;1;1;1;120
Exploud;295;3;0;normal;;104;91;63;91;73;68;490;1;1;1;1;1;2;1;1;0;1;1;1;1;1;1;1;1;1;45
Makuhita;296;3;0;fighting;;72;60;30;20;30;25;237;0.5;0.5;1;1;2;1;1;2;1;1;1;1;1;1;2;0.5;1;1;180
Hariyama;297;3;0;fighting;;144;120;60;40;60;50;474;0.5;0.5;1;1;2;1;1;2;1;1;1;1;1;1;2;0.5;1;1;200
Azurill;298;3;0;normal;fairy;50;20;40;20;40;20;190;0.5;0.5;0;1;1;1;1;1;0;1;1;1;1;2;1;1;2;1;150
Nosepass;299;3;0;rock;;30;45;135;45;90;30;375;1;1;1;1;1;2;0.5;0.5;1;2;2;1;0.5;0.5;1;1;2;2;255
Skitty;300;3;0;normal;;50;45;45;35;35;50;260;1;1;1;1;1;2;1;1;0;1;1;1;1;1;1;1;1;1;255
Delcatty;301;3;0;normal;;70;65;65;55;55;90;400;1;1;1;1;1;2;1;1;0;1;1;1;1;1;1;1;1;1;60
Sableye;302;3;0;dark;ghost;50;75;75;65;65;50;480;1;1;1;1;2;0;1;1;1;1;1;1;0;0.5;0;1;1;1;45
Mawile;303;3;0;steel;fairy;50;85;85;55;55;50;480;0.25;0.5;0;1;0.5;1;2;0.5;1;0.5;2;0.5;0.5;0;0.5;0.5;1;1;45
Aron;304;3;0;steel;rock;50;70;100;40;40;30;330;0.5;1;0.5;1;0.5;4;1;0.25;1;1;4;0.5;0.25;0;0.5;0.5;1;2;180
Lairon;305;3;0;steel;rock;60;90;140;50;50;40;430;0.5;1;0.5;1;0.5;4;1;0.25;1;1;4;0.5;0.25;0;0.5;0.5;1;2;90
Aggron;306;3;0;steel;rock;70;110;180;60;60;50;630;0.5;1;0.5;1;0.5;4;1;0.25;1;1;4;0.5;0.25;0;0.5;0.5;1;2;45
Meditite;307;3;0;fighting;psychic;30;40;55;40;55;60;280;1;1;1;1;2;0.5;1;2;2;1;1;1;1;1;1;0.5;1;1;180
Medicham;308;3;0;fighting;psychic;60;60;75;60;75;80;510;1;1;1;1;2;0.5;1;2;2;1;1;1;1;1;1;0.5;1;1;90
Electrike;309;3;0;electric;;40;45;40;65;40;65;295;1;1;1;0.5;1;1;1;0.5;1;1;2;1;1;1;1;1;0.5;1;120
Manectric;310;3;0;electric;;70;75;60;105;60;105;575;1;1;1;0.5;1;1;1;0.5;1;1;2;1;1;1;1;1;0.5;1;45
Plusle;311;3;0;electric;;60;50;40;85;75;95;405;1;1;1;0.5;1;1;1;0.5;1;1;2;1;1;1;1;1;0.5;1;200
Minun;312;3;0;electric;;60;40;50;75;85;95;405;1;1;1;0.5;1;1;1;0.5;1;1;2;1;1;1;1;1;0.5;1;200
Volbeat;313;3;0;bug;;65;73;75;47;85;85;430;1;1;1;1;1;0.5;2;2;1;0.5;0.5;1;1;1;1;2;1;1;150
Illumise;314;3;0;bug;;65;47;75;73;85;85;430;1;1;1;1;1;0.5;2;2;1;0.5;0.5;1;1;1;1;2;1;1;150
Roselia;315;3;0;grass;poison;50;60;45;100;80;65;400;1;1;1;0.5;0.5;0.5;2;2;1;0.25;1;2;1;1;2;1;1;0.5;150
Gulpin;316;3;0;poison;;70;43;53;43;53;40;302;0.5;1;1;1;0.5;0.5;1;1;1;0.5;2;1;1;0.5;2;1;1;1;225
Swalot;317;3;0;poison;;100;73;83;73;83;55;467;0.5;1;1;1;0.5;0.5;1;1;1;0.5;2;1;1;0.5;2;1;1;1;75
Carvanha;318;3;0;water;dark;45;90;20;65;20;65;305;2;0.5;1;2;2;2;0.5;1;0.5;2;1;0.5;1;1;0;1;0.5;0.5;225
Sharpedo;319;3;0;water;dark;70;120;40;95;40;95;560;2;0.5;1;2;2;2;0.5;1;0.5;2;1;0.5;1;1;0;1;0.5;0.5;60
Wailmer;320;3;0;water;;130;70;35;70;35;60;400;1;1;1;2;1;1;0.5;1;1;2;1;0.5;1;1;1;1;0.5;0.5;125
Wailord;321;3;0;water;;170;90;45;90;45;60;500;1;1;1;2;1;1;0.5;1;1;2;1;0.5;1;1;1;1;0.5;0.5;60
Numel;322;3;0;fire;ground;60;60;40;65;45;35;305;0.5;1;1;0;0.5;1;0.5;1;1;1;2;1;1;0.5;1;1;0.5;4;255
Camerupt;323;3;0;fire;ground;70;100;70;105;75;40;560;0.5;1;1;0;0.5;1;0.5;1;1;1;2;1;1;0.5;1;1;0.5;4;150
Torkoal;324;3;0;fire;;70;85;140;85;70;20;470;0.5;1;1;1;0.5;1;0.5;1;1;0.5;2;0.5;1;1;1;2;0.5;2;90
Spoink;325;3;0;psychic;;60;25;35;70;80;60;330;2;2;1;1;1;0.5;1;1;2;1;1;1;1;1;0.5;1;1;1;255
Grumpig;326;3;0;psychic;;80;45;65;90;110;80;470;2;2;1;1;1;0.5;1;1;2;1;1;1;1;1;0.5;1;1;1;60
Spinda;327;3;0;normal;;60;60;60;60;60;60;360;1;1;1;1;1;2;1;1;0;1;1;1;1;1;1;1;1;1;255
Trapinch;328;3;0;ground;;45;100;45;45;45;10;290;1;1;1;0;1;1;1;1;1;2;1;2;1;0.5;1;0.5;1;2;255
Vibrava;329;3;0;ground;dragon;50;70;50;50;50;70;340;1;1;2;0;2;1;0.5;1;1;1;1;4;1;0.5;1;0.5;1;1;120
Flygon;330;3;0;ground;dragon;80;100;80;80;80;100;520;1;1;2;0;2;1;0.5;1;1;1;1;4;1;0.5;1;0.5;1;1;45
Cacnea;331;3;0;grass;;50;85;40;85;40;35;335;2;1;1;0.5;1;1;2;2;1;0.5;0.5;2;1;2;1;1;1;0.5;190
Cacturne;332;3;0;grass;dark;70;115;60;115;60;55;475;4;0.5;1;0.5;2;2;2;2;0.5;0.5;0.5;2;1;2;0;1;1;0.5;60
Swablu;333;3;0;normal;flying;45;40;60;40;75;50;310;0.5;1;1;2;1;1;1;1;0;0.5;0;2;1;1;1;2;1;1;255
Altaria;334;3;0;dragon;flying;75;70;90;70;105;80;590;0.5;1;2;1;2;0.5;0.5;1;1;0.25;0;4;1;1;1;2;1;0.5;45
Zangoose;335;3;0;normal;;73;115;60;60;60;90;458;1;1;1;1;1;2;1;1;0;1;1;1;1;1;1;1;1;1;90
Seviper;336;3;0;poison;;73;100;60;100;60;65;458;0.5;1;1;1;0.5;0.5;1;1;1;0.5;2;1;1;0.5;2;1;1;1;90
Lunatone;337;3;0;rock;psychic;90;55;65;95;85;70;460;2;2;1;1;1;1;0.5;0.5;2;2;2;1;0.5;0.5;0.5;1;2;2;45
Solrock;338;3;0;rock;psychic;90;95;85;55;65;70;460;2;2;1;1;1;1;0.5;0.5;2;2;2;1;0.5;0.5;0.5;1;2;2;45
Barboach;339;3;0;water;ground;50;48;43;46;41;60;288;1;1;1;0;1;1;0.5;1;1;4;1;1;1;0.5;1;0.5;0.5;1;190
Whiscash;340;3;0;water;ground;110;78;73;76;71;60;468;1;1;1;0;1;1;0.5;1;1;4;1;1;1;0.5;1;0.5;0.5;1;75
Corphish;341;3;0;water;;43;80;65;50;35;35;308;1;1;1;2;1;1;0.5;1;1;2;1;0.5;1;1;1;1;0.5;0.5;205
Crawdaunt;342;3;0;water;dark;63;120;85;90;55;55;468;2;0.5;1;2;2;2;0.5;1;0.5;2;1;0.5;1;1;0;1;0.5;0.5;155
Baltoy;343;3;0;ground;psychic;40;40;55;40;70;55;300;2;2;1;0;1;0.5;1;1;2;2;1;2;1;0.5;0.5;0.5;1;2;255
Claydol;344;3;0;ground;psychic;60;70;105;70;120;75;500;2;2;1;0;1;0.5;1;1;2;2;1;2;1;0.5;0.5;0.5;1;2;90
Lileep;345;3;0;rock;grass;66;41;77;61;87;23;355;2;1;1;0.5;1;2;1;1;1;1;1;2;0.5;1;1;1;2;1;45
Cradily;346;3;0;rock;grass;86;81;97;81;107;43;495;2;1;1;0.5;1;2;1;1;1;1;1;2;0.5;1;1;1;2;1;45
Anorith;347;3;0;rock;bug;45;95;50;40;50;75;355;1;1;1;1;1;1;1;1;1;1;1;1;0.5;0.5;1;2;2;2;45
Armaldo;348;3;0;rock;bug;75;125;100;70;80;45;495;1;1;1;1;1;1;1;1;1;1;1;1;0.5;0.5;1;2;2;2;45
Feebas;349;3;0;water;;20;15;20;10;55;80;200;1;1;1;2;1;1;0.5;1;1;2;1;0.5;1;1;1;1;0.5;0.5;255
Milotic;350;3;0;water;;95;60;79;100;125;81;540;1;1;1;2;1;1;0.5;1;1;2;1;0.5;1;1;1;1;0.5;0.5;60
Castform;351;3;0;normal;;70;70;70;70;70;70;420;1;1;1;1;1;2;1;1;0;1;1;1;1;1;1;1;1;1;45
Kecleon;352;3;0;normal;;60;90;70;60;120;40;440;1;1;1;1;1;2;1;1;0;1;1;1;1;1;1;1;1;1;200
Shuppet;353;3;0;ghost;;44;75;35;63;33;45;295;0.5;2;1;1;1;0;1;1;2;1;1;1;0;0.5;1;1;1;1;225
Banette;354;3;0;ghost;;64;115;65;83;63;65;555;0.5;2;1;1;1;0;1;1;2;1;1;1;0;0.5;1;1;1;1;45
Duskull;355;3;0;ghost;;20;40;90;30;90;25;295;0.5;2;1;1;1;0;1;1;2;1;1;1;0;0.5;1;1;1;1;190
Dusclops;356;3;0;ghost;;40;70;130;60;130;25;455;0.5;2;1;1;1;0;1;1;2;1;1;1;0;0.5;1;1;1;1;90
Tropius;357;3;0;grass;flying;99;68;83;72;87;51;460;1;1;1;1;1;0.5;2;2;1;0.25;0;4;1;2;1;2;1;0.5;200
Chimecho;358;3;0;psychic;;75;50;80;95;90;65;455;2;2;1;1;1;0.5;1;1;2;1;1;1;1;1;0.5;1;1;1;45
Absol;359;3;0;dark;;65;130;60;75;60;75;565;2;0.5;1;1;2;2;1;1;0.5;1;1;1;1;1;0;1;1;1;30
Wynaut;360;3;0;psychic;;95;23;48;23;48;23;260;2;2;1;1;1;0.5;1;1;2;1;1;1;1;1;0.5;1;1;1;125
Snorunt;361;3;0;ice;;50;50;50;50;50;50;300;1;1;1;1;1;2;2;1;1;1;1;0.5;1;1;1;2;2;1;190
Glalie;362;3;0;ice;;80;80;80;80;80;80;580;1;1;1;1;1;2;2;1;1;1;1;0.5;1;1;1;2;2;1;75
Spheal;363;3;0;ice;water;70;40;50;55;50;25;290;1;1;1;2;1;2;1;1;1;2;1;0.25;1;1;1;2;1;0.5;255
Sealeo;364;3;0;ice;water;90;60;70;75;70;45;410;1;1;1;2;1;2;1;1;1;2;1;0.25;1;1;1;2;1;0.5;120
Walrein;365;3;0;ice;water;110;80;90;95;90;65;530;1;1;1;2;1;2;1;1;1;2;1;0.25;1;1;1;2;1;0.5;45
Clamperl;366;3;0;water;;35;64;85;74;55;32;345;1;1;1;2;1;1;0.5;1;1;2;1;0.5;1;1;1;1;0.5;0.5;255
Huntail;367;3;0;water;;55;104;105;94;75;52;485;1;1;1;2;1;1;0.5;1;1;2;1;0.5;1;1;1;1;0.5;0.5;60
Gorebyss;368;3;0;water;;55;84;105;114;75;52;485;1;1;1;2;1;1;0.5;1;1;2;1;0.5;1;1;1;1;0.5;0.5;60
Relicanth;369;3;0;water;rock;100;90;130;45;65;55;485;1;1;1;2;1;2;0.25;0.5;1;4;2;0.5;0.5;0.5;1;1;1;1;25
Luvdisc;370;3;0;water;;43;30;55;40;65;97;330;1;1;1;2;1;1;0.5;1;1;2;1;0.5;1;1;1;1;0.5;0.5;225
Bagon;371;3;0;dragon;;45;75;60;40;30;50;300;1;1;2;0.5;2;1;0.5;1;1;0.5;1;2;1;1;1;1;1;0.5;45
Shelgon;372;3;0;dragon;;65;95;100;60;50;50;420;1;1;2;0.5;2;1;0.5;1;1;0.5;1;2;1;1;1;1;1;0.5;45
Salamence;373;3;0;dragon;flying;95;135;80;110;80;100;700;0.5;1;2;1;2;0.5;0.5;1;1;0.25;0;4;1;1;1;2;1;0.5;45
Beldum;374;3;0;steel;psychic;40;55;80;35;60;30;300;1;2;0.5;1;0.5;1;2;0.5;2;0.5;2;0.5;0.5;0;0.25;0.5;0.5;1;3
Metang;375;3;0;steel;psychic;60;75;100;55;80;50;420;1;2;0.5;1;0.5;1;2;0.5;2;0.5;2;0.5;0.5;0;0.25;0.5;0.5;1;3
Metagross;376;3;0;steel;psychic;80;135;130;95;90;70;700;1;2;0.5;1;0.5;1;2;0.5;2;0.5;2;0.5;0.5;0;0.25;0.5;0.5;1;3
Regirock;377;3;1;rock;;80;100;200;50;100;50;580;1;1;1;1;1;2;0.5;0.5;1;2;2;1;0.5;0.5;1;1;2;2;3
Regice;378;3;1;ice;;80;50;100;100;200;50;580;1;1;1;1;1;2;2;1;1;1;1;0.5;1;1;1;2;2;1;3
Registeel;379;3;1;steel;;80;75;150;75;150;50;580;0.5;1;0.5;1;0.5;2;2;0.5;1;0.5;2;0.5;0.5;0;0.5;0.5;0.5;1;3
Latias;380;3;1;dragon;psychic;80;80;90;110;130;110;700;2;2;2;0.5;2;0.5;0.5;1;2;0.5;1;2;1;1;0.5;1;1;0.5;3
Latios;381;3;1;dragon;psychic;80;90;80;130;110;110;700;2;2;2;0.5;2;0.5;0.5;1;2;0.5;1;2;1;1;0.5;1;1;0.5;3
Kyogre;382;3;1;water;;100;100;90;150;140;90;770;1;1;1;2;1;1;0.5;1;1;2;1;0.5;1;1;1;1;0.5;0.5;3
Groudon;383;3;1;ground;;100;150;140;100;90;90;770;1;1;1;0;1;1;1;1;1;2;1;2;1;0.5;1;0.5;1;2;3
Rayquaza;384;3;1;dragon;flying;105;150;90;150;90;95;780;0.5;1;2;1;2;0.5;0.5;1;1;0.25;0;4;1;1;1;2;1;0.5;45
Jirachi;385;3;1;steel;psychic;100;100;100;100;100;100;600;1;2;0.5;1;0.5;1;2;0.5;2;0.5;2;0.5;0.5;0;0.25;0.5;0.5;1;3
Deoxys;386;3;1;psychic;;50;150;50;150;50;150;600;2;2;1;1;1;0.5;1;1;2;1;1;1;1;1;0.5;1;1;1;3
Turtwig;387;4;0;grass;;55;68;64;45;55;31;318;2;1;1;0.5;1;1;2;2;1;0.5;0.5;2;1;2;1;1;1;0.5;45
Grotle;388;4;0;grass;;75;89;85;55;65;36;405;2;1;1;0.5;1;1;2;2;1;0.5;0.5;2;1;2;1;1;1;0.5;45
Torterra;389;4;0;grass;ground;95;109;105;75;85;56;525;2;1;1;0;1;1;2;2;1;1;0.5;4;1;1;1;0.5;1;1;45
Chimchar;390;4;0;fire;;44;58;44;58;44;61;309;0.5;1;1;1;0.5;1;0.5;1;1;0.5;2;0.5;1;1;1;2;0.5;2;45
Monferno;391;4;0;fire;fighting;64;78;52;78;52;81;405;0.25;0.5;1;1;1;1;0.5;2;1;0.5;2;0.5;1;1;2;1;0.5;2;45
Infernape;392;4;0;fire;fighting;76;104;71;104;71;108;534;0.25;0.5;1;1;1;1;0.5;2;1;0.5;2;0.5;1;1;2;1;0.5;2;45
Piplup;393;4;0;water;;53;51;53;61;56;40;314;1;1;1;2;1;1;0.5;1;1;2;1;0.5;1;1;1;1;0.5;0.5;45
Prinplup;394;4;0;water;;64;66;68;81;76;50;405;1;1;1;2;1;1;0.5;1;1;2;1;0.5;1;1;1;1;0.5;0.5;45
Empoleon;395;4;0;water;steel;84;86;88;111;101;60;530;0.5;1;0.5;2;0.5;2;1;0.5;1;1;2;0.25;0.5;0;0.5;0.5;0.25;0.5;45
Starly;396;4;0;normal;flying;40;55;30;30;30;60;245;0.5;1;1;2;1;1;1;1;0;0.5;0;2;1;1;1;2;1;1;255
Staravia;397;4;0;normal;flying;55;75;50;40;40;80;340;0.5;1;1;2;1;1;1;1;0;0.5;0;2;1;1;1;2;1;1;120
Staraptor;398;4;0;normal;flying;85;120;70;50;60;100;485;0.5;1;1;2;1;1;1;1;0;0.5;0;2;1;1;1;2;1;1;45
Bidoof;399;4;0;normal;;59;45;40;35;40;31;250;1;1;1;1;1;2;1;1;0;1;1;1;1;1;1;1;1;1;255
Bibarel;400;4;0;normal;water;79;85;60;55;60;71;410;1;1;1;2;1;2;0.5;1;0;2;1;0.5;1;1;1;1;0.5;0.5;127
Kricketot;401;4;0;bug;;37;25;41;25;41;25;194;1;1;1;1;1;0.5;2;2;1;0.5;0.5;1;1;1;1;2;1;1;255
Kricketune;402;4;0;bug;;77;85;51;55;51;65;384;1;1;1;1;1;0.5;2;2;1;0.5;0.5;1;1;1;1;2;1;1;45
Shinx;403;4;0;electric;;45;65;34;40;34;45;263;1;1;1;0.5;1;1;1;0.5;1;1;2;1;1;1;1;1;0.5;1;235
Luxio;404;4;0;electric;;60;85;49;60;49;60;363;1;1;1;0.5;1;1;1;0.5;1;1;2;1;1;1;1;1;0.5;1;120
Luxray;405;4;0;electric;;80;120;79;95;79;70;523;1;1;1;0.5;1;1;1;0.5;1;1;2;1;1;1;1;1;0.5;1;45
Budew;406;4;0;grass;poison;40;30;35;50;70;55;280;1;1;1;0.5;0.5;0.5;2;2;1;0.25;1;2;1;1;2;1;1;0.5;255
Roserade;407;4;0;grass;poison;60;70;65;125;105;90;515;1;1;1;0.5;0.5;0.5;2;2;1;0.25;1;2;1;1;2;1;1;0.5;75
Cranidos;408;4;0;rock;;67;125;40;30;30;58;350;1;1;1;1;1;2;0.5;0.5;1;2;2;1;0.5;0.5;1;1;2;2;45
Rampardos;409;4;0;rock;;97;165;60;65;50;58;495;1;1;1;1;1;2;0.5;0.5;1;2;2;1;0.5;0.5;1;1;2;2;45
Shieldon;410;4;0;rock;steel;30;42;118;42;88;30;350;0.5;1;0.5;1;0.5;4;1;0.25;1;1;4;0.5;0.25;0;0.5;0.5;1;2;45
Bastiodon;411;4;0;rock;steel;60;52;168;47;138;30;495;0.5;1;0.5;1;0.5;4;1;0.25;1;1;4;0.5;0.25;0;0.5;0.5;1;2;45
Burmy;412;4;0;bug;;40;29;45;29;45;36;224;1;1;1;1;1;0.5;2;2;1;0.5;0.5;1;1;1;1;2;1;1;120
Wormadam;413;4;0;bug;grass;60;59;85;79;105;36;424;2;1;1;0.5;1;0.5;4;4;1;0.25;0.25;2;1;2;1;2;1;0.5;45
Mothim;414;4;0;bug;flying;70;94;50;94;50;66;424;0.5;1;1;2;1;0.25;2;2;1;0.25;0;2;1;1;1;4;1;1;45
Combee;415;4;0;bug;flying;30;30;42;30;42;70;244;0.5;1;1;2;1;0.25;2;2;1;0.25;0;2;1;1;1;4;1;1;120
Vespiquen;416;4;0;bug;flying;70;80;102;80;102;40;474;0.5;1;1;2;1;0.25;2;2;1;0.25;0;2;1;1;1;4;1;1;45
Pachirisu;417;4;0;electric;;60;45;70;45;90;95;405;1;1;1;0.5;1;1;1;0.5;1;1;2;1;1;1;1;1;0.5;1;200
Buizel;418;4;0;water;;55;65;35;60;30;85;330;1;1;1;2;1;1;0.5;1;1;2;1;0.5;1;1;1;1;0.5;0.5;190
Floatzel;419;4;0;water;;85;105;55;85;50;115;495;1;1;1;2;1;1;0.5;1;1;2;1;0.5;1;1;1;1;0.5;0.5;75
Cherubi;420;4;0;grass;;45;35;45;62;53;35;275;2;1;1;0.5;1;1;2;2;1;0.5;0.5;2;1;2;1;1;1;0.5;190
Cherrim;421;4;0;grass;;70;60;70;87;78;85;450;2;1;1;0.5;1;1;2;2;1;0.5;0.5;2;1;2;1;1;1;0.5;75
Shellos;422;4;0;water;;76;48;48;57;62;34;325;1;1;1;2;1;1;0.5;1;1;2;1;0.5;1;1;1;1;0.5;0.5;190
Gastrodon;423;4;0;water;ground;111;83;68;92;82;39;475;1;1;1;0;1;1;0.5;1;1;4;1;1;1;0.5;1;0.5;0.5;1;75
Ambipom;424;4;0;normal;;75;100;66;60;66;115;482;1;1;1;1;1;2;1;1;0;1;1;1;1;1;1;1;1;1;45
Drifloon;425;4;0;ghost;flying;90;50;34;60;44;70;348;0.25;2;1;2;1;0;1;1;2;0.5;0;2;0;0.5;1;2;1;1;125
Drifblim;426;4;0;ghost;flying;150;80;44;90;54;80;498;0.25;2;1;2;1;0;1;1;2;0.5;0;2;0;0.5;1;2;1;1;60
Buneary;427;4;0;normal;;55;66;44;44;56;85;350;1;1;1;1;1;2;1;1;0;1;1;1;1;1;1;1;1;1;190
Lopunny;428;4;0;normal;;65;76;84;54;96;105;580;1;1;1;1;1;2;1;1;0;1;1;1;1;1;1;1;1;1;60
Mismagius;429;4;0;ghost;;60;60;60;105;105;105;495;0.5;2;1;1;1;0;1;1;2;1;1;1;0;0.5;1;1;1;1;45
Honchkrow;430;4;0;dark;flying;100;125;52;105;52;71;505;1;0.5;1;2;2;1;1;1;0.5;0.5;0;2;1;1;0;2;1;1;30
Glameow;431;4;0;normal;;49;55;42;42;37;85;310;1;1;1;1;1;2;1;1;0;1;1;1;1;1;1;1;1;1;190
Purugly;432;4;0;normal;;71;82;64;64;59;112;452;1;1;1;1;1;2;1;1;0;1;1;1;1;1;1;1;1;1;75
Chingling;433;4;0;psychic;;45;30;50;65;50;45;285;2;2;1;1;1;0.5;1;1;2;1;1;1;1;1;0.5;1;1;1;120
Stunky;434;4;0;poison;dark;63;63;47;41;41;74;329;1;0.5;1;1;1;1;1;1;0.5;0.5;2;1;1;0.5;0;1;1;1;225
Skuntank;435;4;0;poison;dark;103;93;67;71;61;84;479;1;0.5;1;1;1;1;1;1;0.5;0.5;2;1;1;0.5;0;1;1;1;60
Bronzor;436;4;0;steel;psychic;57;24;86;24;86;23;300;1;2;0.5;1;0.5;1;2;0.5;2;0.5;2;0.5;0.5;0;0.25;0.5;0.5;1;255
Bronzong;437;4;0;steel;psychic;67;89;116;79;116;33;500;1;2;0.5;1;0.5;1;2;0.5;2;0.5;2;0.5;0.5;0;0.25;0.5;0.5;1;90
Bonsly;438;4;0;rock;;50;80;95;10;45;10;290;1;1;1;1;1;2;0.5;0.5;1;2;2;1;0.5;0.5;1;1;2;2;255
Mime Jr.;439;4;0;psychic;fairy;20;25;45;70;90;60;310;1;1;0;1;1;0.25;1;1;2;1;1;1;1;2;0.5;1;2;1;145
Happiny;440;4;0;normal;;100;5;5;15;65;30;220;1;1;1;1;1;2;1;1;0;1;1;1;1;1;1;1;1;1;130
Chatot;441;4;0;normal;flying;76;65;45;92;42;91;411;0.5;1;1;2;1;1;1;1;0;0.5;0;2;1;1;1;2;1;1;30
Spiritomb;442;4;0;ghost;dark;50;92;108;92;108;35;485;1;1;1;1;2;0;1;1;1;1;1;1;0;0.5;0;1;1;1;100
Gible;443;4;0;dragon;ground;58;70;45;40;45;42;300;1;1;2;0;2;1;0.5;1;1;1;1;4;1;0.5;1;0.5;1;1;45
Gabite;444;4;0;dragon;ground;68;90;65;50;55;82;410;1;1;2;0;2;1;0.5;1;1;1;1;4;1;0.5;1;0.5;1;1;45
Garchomp;445;4;0;dragon;ground;108;130;95;80;85;102;700;1;1;2;0;2;1;0.5;1;1;1;1;4;1;0.5;1;0.5;1;1;45
Munchlax;446;4;0;normal;;135;85;40;40;85;5;390;1;1;1;1;1;2;1;1;0;1;1;1;1;1;1;1;1;1;50
Riolu;447;4;0;fighting;;40;70;40;35;40;60;285;0.5;0.5;1;1;2;1;1;2;1;1;1;1;1;1;2;0.5;1;1;75
Lucario;448;4;0;fighting;steel;70;110;70;115;70;90;625;0.25;0.5;0.5;1;1;2;2;1;1;0.5;2;0.5;0.5;0;1;0.25;0.5;1;45
Hippopotas;449;4;0;ground;;68;72;78;38;42;32;330;1;1;1;0;1;1;1;1;1;2;1;2;1;0.5;1;0.5;1;2;140
Hippowdon;450;4;0;ground;;108;112;118;68;72;47;525;1;1;1;0;1;1;1;1;1;2;1;2;1;0.5;1;0.5;1;2;60
Skorupi;451;4;0;poison;bug;40;50;90;30;55;65;330;0.5;1;1;1;0.5;0.25;2;2;1;0.25;1;1;1;0.5;2;2;1;1;120
Drapion;452;4;0;poison;dark;70;90;110;60;75;95;500;1;0.5;1;1;1;1;1;1;0.5;0.5;2;1;1;0.5;0;1;1;1;45
Croagunk;453;4;0;poison;fighting;48;61;40;61;40;50;300;0.25;0.5;1;1;1;0.5;1;2;1;0.5;2;1;1;0.5;4;0.5;1;1;140
Toxicroak;454;4;0;poison;fighting;83;106;65;86;65;85;490;0.25;0.5;1;1;1;0.5;1;2;1;0.5;2;1;1;0.5;4;0.5;1;1;75
Carnivine;455;4;0;grass;;74;100;72;90;72;46;454;2;1;1;0.5;1;1;2;2;1;0.5;0.5;2;1;2;1;1;1;0.5;200
Finneon;456;4;0;water;;49;49;56;49;61;66;330;1;1;1;2;1;1;0.5;1;1;2;1;0.5;1;1;1;1;0.5;0.5;190
Lumineon;457;4;0;water;;69;69;76;69;86;91;460;1;1;1;2;1;1;0.5;1;1;2;1;0.5;1;1;1;1;0.5;0.5;75
Mantyke;458;4;0;water;flying;45;20;50;60;120;50;345;0.5;1;1;4;1;0.5;0.5;1;1;1;0;1;1;1;1;2;0.5;0.5;25
Snover;459;4;0;grass;ice;60;62;50;62;60;40;334;2;1;1;0.5;1;2;4;2;1;0.5;0.5;1;1;2;1;2;2;0.5;120
Abomasnow;460;4;0;grass;ice;90;92;75;92;85;60;594;2;1;1;0.5;1;2;4;2;1;0.5;0.5;1;1;2;1;2;2;0.5;60
Weavile;461;4;0;dark;ice;70;120;65;45;85;125;510;2;0.5;1;1;2;4;2;1;0.5;1;1;0.5;1;1;0;2;2;1;45
Magnezone;462;4;0;electric;steel;70;70;115;130;90;60;535;0.5;1;0.5;0.5;0.5;2;2;0.25;1;0.5;4;0.5;0.5;0;0.5;0.5;0.25;1;30
Lickilicky;463;4;0;normal;;110;85;95;80;95;50;515;1;1;1;1;1;2;1;1;0;1;1;1;1;1;1;1;1;1;30
Rhyperior;464;4;0;ground;rock;115;140;130;55;55;40;535;1;1;1;0;1;2;0.5;0.5;1;4;2;2;0.5;0.25;1;0.5;2;4;30
Tangrowth;465;4;0;grass;;100;100;125;110;50;50;535;2;1;1;0.5;1;1;2;2;1;0.5;0.5;2;1;2;1;1;1;0.5;30
Electivire;466;4;0;electric;;75;123;67;95;85;95;540;1;1;1;0.5;1;1;1;0.5;1;1;2;1;1;1;1;1;0.5;1;30
Magmortar;467;4;0;fire;;75;95;67;125;95;83;540;0.5;1;1;1;0.5;1;0.5;1;1;0.5;2;0.5;1;1;1;2;0.5;2;30
Togekiss;468;4;0;fairy;flying;85;50;95;120;115;80;545;0.25;0.5;0;2;1;0.25;1;1;1;0.5;0;2;1;2;1;2;2;1;30
Yanmega;469;4;0;bug;flying;86;76;86;116;56;95;515;0.5;1;1;2;1;0.25;2;2;1;0.25;0;2;1;1;1;4;1;1;30
Leafeon;470;4;0;grass;;65;110;130;60;65;95;525;2;1;1;0.5;1;1;2;2;1;0.5;0.5;2;1;2;1;1;1;0.5;45
Glaceon;471;4;0;ice;;65;60;110;130;95;65;525;1;1;1;1;1;2;2;1;1;1;1;0.5;1;1;1;2;2;1;45
Gliscor;472;4;0;ground;flying;75;95;125;45;75;95;510;0.5;1;1;0;1;0.5;1;1;1;1;0;4;1;0.5;1;1;1;2;30
Mamoswine;473;4;0;ice;ground;110;130;80;70;60;80;530;1;1;1;0;1;2;2;1;1;2;1;1;1;0.5;1;1;2;2;50
Porygon-Z;474;4;0;normal;;85;80;70;135;75;90;535;1;1;1;1;1;2;1;1;0;1;1;1;1;1;1;1;1;1;30
Gallade;475;4;0;psychic;fighting;68;125;65;65;115;80;618;1;1;1;1;2;0.5;1;2;2;1;1;1;1;1;1;0.5;1;1;45
Probopass;476;4;0;rock;steel;60;55;145;75;150;40;525;0.5;1;0.5;1;0.5;4;1;0.25;1;1;4;0.5;0.25;0;0.5;0.5;1;2;60
Dusknoir;477;4;0;ghost;;45;100;135;65;135;45;525;0.5;2;1;1;1;0;1;1;2;1;1;1;0;0.5;1;1;1;1;45
Froslass;478;4;0;ice;ghost;70;80;70;80;70;110;480;0.5;2;1;1;1;0;2;1;2;1;1;0.5;0;0.5;1;2;2;1;75
Rotom;479;4;0;electric;ghost;50;50;77;95;77;91;520;0.5;2;1;0.5;1;0;1;0.5;2;1;2;1;0;0.5;1;1;0.5;1;45
Uxie;480;4;1;psychic;;75;75;130;75;130;95;580;2;2;1;1;1;0.5;1;1;2;1;1;1;1;1;0.5;1;1;1;3
Mesprit;481;4;1;psychic;;80;105;105;105;105;80;580;2;2;1;1;1;0.5;1;1;2;1;1;1;1;1;0.5;1;1;1;3
Azelf;482;4;1;psychic;;75;125;70;125;70;115;580;2;2;1;1;1;0.5;1;1;2;1;1;1;1;1;0.5;1;1;1;3
Dialga;483;4;1;steel;dragon;100;120;120;150;100;90;680;0.5;1;1;0.5;1;2;1;0.5;1;0.25;2;1;0.5;0;0.5;0.5;0.5;0.5;3
Palkia;484;4;1;water;dragon;90;120;100;150;120;100;680;1;1;2;1;2;1;0.25;1;1;1;1;1;1;1;1;1;0.5;0.25;3
Heatran;485;4;1;fire;steel;91;90;106;130;106;77;600;0.25;1;0.5;1;0.25;2;1;0.5;1;0.25;4;0.25;0.5;0;0.5;1;0.25;2;3
Regigigas;486;4;1;normal;;110;160;110;80;110;100;670;1;1;1;1;1;2;1;1;0;1;1;1;1;1;1;1;1;1;3
Giratina;487;4;1;ghost;dragon;150;100;120;100;120;90;680;0.5;2;2;0.5;2;0;0.5;1;2;0.5;1;2;0;0.5;1;1;1;0.5;3
Cresselia;488;4;1;psychic;;120;70;120;75;130;85;600;2;2;1;1;1;0.5;1;1;2;1;1;1;1;1;0.5;1;1;1;3
Phione;489;4;0;water;;80;80;80;80;80;80;480;1;1;1;2;1;1;0.5;1;1;2;1;0.5;1;1;1;1;0.5;0.5;30
Manaphy;490;4;1;water;;100;100;100;100;100;100;600;1;1;1;2;1;1;0.5;1;1;2;1;0.5;1;1;1;1;0.5;0.5;3
Darkrai;491;4;1;dark;;70;90;90;135;90;125;600;2;0.5;1;1;2;2;1;1;0.5;1;1;1;1;1;0;1;1;1;3
Shaymin;492;4;1;grass;grass;100;100;100;100;100;100;600;2;1;1;0.5;1;1;2;2;1;0.5;0.5;2;1;2;1;1;1;0.5;45
Arceus;493;4;1;normal;;120;120;120;120;120;120;720;1;1;1;1;1;2;1;1;0;1;1;1;1;1;1;1;1;1;3
Victini;494;5;1;psychic;fire;100;100;100;100;100;100;600;1;2;1;1;0.5;0.5;0.5;1;2;0.5;2;0.5;1;1;0.5;2;0.5;2;3
Snivy;495;5;0;grass;;45;45;55;45;55;63;308;2;1;1;0.5;1;1;2;2;1;0.5;0.5;2;1;2;1;1;1;0.5;45
Servine;496;5;0;grass;;60;60;75;60;75;83;413;2;1;1;0.5;1;1;2;2;1;0.5;0.5;2;1;2;1;1;1;0.5;45
Serperior;497;5;0;grass;;75;75;95;75;95;113;528;2;1;1;0.5;1;1;2;2;1;0.5;0.5;2;1;2;1;1;1;0.5;45
Tepig;498;5;0;fire;;65;63;45;45;45;45;308;0.5;1;1;1;0.5;1;0.5;1;1;0.5;2;0.5;1;1;1;2;0.5;2;45
Pignite;499;5;0;fire;fighting;90;93;55;70;55;55;418;0.25;0.5;1;1;1;1;0.5;2;1;0.5;2;0.5;1;1;2;1;0.5;2;45
Emboar;500;5;0;fire;fighting;110;123;65;100;65;65;528;0.25;0.5;1;1;1;1;0.5;2;1;0.5;2;0.5;1;1;2;1;0.5;2;45
Oshawott;501;5;0;water;;55;55;45;63;45;45;308;1;1;1;2;1;1;0.5;1;1;2;1;0.5;1;1;1;1;0.5;0.5;45
Dewott;502;5;0;water;;75;75;60;83;60;60;413;1;1;1;2;1;1;0.5;1;1;2;1;0.5;1;1;1;1;0.5;0.5;45
Samurott;503;5;0;water;;95;100;85;108;70;70;528;1;1;1;2;1;1;0.5;1;1;2;1;0.5;1;1;1;1;0.5;0.5;45
Patrat;504;5;0;normal;;45;55;39;35;39;42;255;1;1;1;1;1;2;1;1;0;1;1;1;1;1;1;1;1;1;255
Watchog;505;5;0;normal;;60;85;69;60;69;77;420;1;1;1;1;1;2;1;1;0;1;1;1;1;1;1;1;1;1;255
Lillipup;506;5;0;normal;;45;60;45;25;45;55;275;1;1;1;1;1;2;1;1;0;1;1;1;1;1;1;1;1;1;255
Herdier;507;5;0;normal;;65;80;65;35;65;60;370;1;1;1;1;1;2;1;1;0;1;1;1;1;1;1;1;1;1;120
Stoutland;508;5;0;normal;;85;110;90;45;90;80;500;1;1;1;1;1;2;1;1;0;1;1;1;1;1;1;1;1;1;45
Purrloin;509;5;0;dark;;41;50;37;50;37;66;281;2;0.5;1;1;2;2;1;1;0.5;1;1;1;1;1;0;1;1;1;255
Liepard;510;5;0;dark;;64;88;50;88;50;106;446;2;0.5;1;1;2;2;1;1;0.5;1;1;1;1;1;0;1;1;1;90
Pansage;511;5;0;grass;;50;53;48;53;48;64;316;2;1;1;0.5;1;1;2;2;1;0.5;0.5;2;1;2;1;1;1;0.5;190
Simisage;512;5;0;grass;;75;98;63;98;63;101;498;2;1;1;0.5;1;1;2;2;1;0.5;0.5;2;1;2;1;1;1;0.5;75
Pansear;513;5;0;fire;;50;53;48;53;48;64;316;0.5;1;1;1;0.5;1;0.5;1;1;0.5;2;0.5;1;1;1;2;0.5;2;190
Simisear;514;5;0;fire;;75;98;63;98;63;101;498;0.5;1;1;1;0.5;1;0.5;1;1;0.5;2;0.5;1;1;1;2;0.5;2;75
Panpour;515;5;0;water;;50;53;48;53;48;64;316;1;1;1;2;1;1;0.5;1;1;2;1;0.5;1;1;1;1;0.5;0.5;190
Simipour;516;5;0;water;;75;98;63;98;63;101;498;1;1;1;2;1;1;0.5;1;1;2;1;0.5;1;1;1;1;0.5;0.5;75
Munna;517;5;0;psychic;;76;25;45;67;55;24;292;2;2;1;1;1;0.5;1;1;2;1;1;1;1;1;0.5;1;1;1;190
Musharna;518;5;0;psychic;;116;55;85;107;95;29;487;2;2;1;1;1;0.5;1;1;2;1;1;1;1;1;0.5;1;1;1;75
Pidove;519;5;0;normal;flying;50;55;50;36;30;43;264;0.5;1;1;2;1;1;1;1;0;0.5;0;2;1;1;1;2;1;1;255
Tranquill;520;5;0;normal;flying;62;77;62;50;42;65;358;0.5;1;1;2;1;1;1;1;0;0.5;0;2;1;1;1;2;1;1;120
Unfezant;521;5;0;normal;flying;80;115;80;65;55;93;488;0.5;1;1;2;1;1;1;1;0;0.5;0;2;1;1;1;2;1;1;45
Blitzle;522;5;0;electric;;45;60;32;50;32;76;295;1;1;1;0.5;1;1;1;0.5;1;1;2;1;1;1;1;1;0.5;1;190
Zebstrika;523;5;0;electric;;75;100;63;80;63;116;497;1;1;1;0.5;1;1;1;0.5;1;1;2;1;1;1;1;1;0.5;1;75
Roggenrola;524;5;0;rock;;55;75;85;25;25;15;280;1;1;1;1;1;2;0.5;0.5;1;2;2;1;0.5;0.5;1;1;2;2;255
Boldore;525;5;0;rock;;70;105;105;50;40;20;390;1;1;1;1;1;2;0.5;0.5;1;2;2;1;0.5;0.5;1;1;2;2;120
Gigalith;526;5;0;rock;;85;135;130;60;80;25;515;1;1;1;1;1;2;0.5;0.5;1;2;2;1;0.5;0.5;1;1;2;2;45
Woobat;527;5;0;psychic;flying;65;45;43;55;43;72;323;1;2;1;2;1;0.25;1;1;2;0.5;0;2;1;1;0.5;2;1;1;190
Swoobat;528;5;0;psychic;flying;67;57;55;77;55;114;425;1;2;1;2;1;0.25;1;1;2;0.5;0;2;1;1;0.5;2;1;1;45
Drilbur;529;5;0;ground;;60;85;40;30;45;68;328;1;1;1;0;1;1;1;1;1;2;1;2;1;0.5;1;0.5;1;2;120
Excadrill;530;5;0;ground;steel;110;135;60;50;65;88;508;0.5;1;0.5;0;0.5;2;2;0.5;1;1;2;1;0.5;0;0.5;0.25;0.5;2;60
Audino;531;5;0;normal;;103;60;86;60;86;50;545;1;1;1;1;1;2;1;1;0;1;1;1;1;1;1;1;1;1;255
Timburr;532;5;0;fighting;;75;80;55;25;35;35;305;0.5;0.5;1;1;2;1;1;2;1;1;1;1;1;1;2;0.5;1;1;180
Gurdurr;533;5;0;fighting;;85;105;85;40;50;40;405;0.5;0.5;1;1;2;1;1;2;1;1;1;1;1;1;2;0.5;1;1;90
Conkeldurr;534;5;0;fighting;;105;140;95;55;65;45;505;0.5;0.5;1;1;2;1;1;2;1;1;1;1;1;1;2;0.5;1;1;45
Tympole;535;5;0;water;;50;50;40;50;40;64;294;1;1;1;2;1;1;0.5;1;1;2;1;0.5;1;1;1;1;0.5;0.5;255
Palpitoad;536;5;0;water;ground;75;65;55;65;55;69;384;1;1;1;0;1;1;0.5;1;1;4;1;1;1;0.5;1;0.5;0.5;1;120
Seismitoad;537;5;0;water;ground;105;95;75;85;75;74;509;1;1;1;0;1;1;0.5;1;1;4;1;1;1;0.5;1;0.5;0.5;1;45
Throh;538;5;0;fighting;;120;100;85;30;85;45;465;0.5;0.5;1;1;2;1;1;2;1;1;1;1;1;1;2;0.5;1;1;45
Sawk;539;5;0;fighting;;75;125;75;30;75;85;465;0.5;0.5;1;1;2;1;1;2;1;1;1;1;1;1;2;0.5;1;1;45
Sewaddle;540;5;0;bug;grass;45;53;70;40;60;42;310;2;1;1;0.5;1;0.5;4;4;1;0.25;0.25;2;1;2;1;2;1;0.5;255
Swadloon;541;5;0;bug;grass;55;63;90;50;80;42;380;2;1;1;0.5;1;0.5;4;4;1;0.25;0.25;2;1;2;1;2;1;0.5;120
Leavanny;542;5;0;bug;grass;75;103;80;70;80;92;500;2;1;1;0.5;1;0.5;4;4;1;0.25;0.25;2;1;2;1;2;1;0.5;45
Venipede;543;5;0;bug;poison;30;45;59;30;39;57;260;0.5;1;1;1;0.5;0.25;2;2;1;0.25;1;1;1;0.5;2;2;1;1;255
Whirlipede;544;5;0;bug;poison;40;55;99;40;79;47;360;0.5;1;1;1;0.5;0.25;2;2;1;0.25;1;1;1;0.5;2;2;1;1;120
Scolipede;545;5;0;bug;poison;60;100;89;55;69;112;485;0.5;1;1;1;0.5;0.25;2;2;1;0.25;1;1;1;0.5;2;2;1;1;45
Cottonee;546;5;0;grass;fairy;40;27;60;37;50;66;280;1;0.5;0;0.5;1;0.5;2;2;1;0.5;0.5;2;1;4;1;1;2;0.5;190
Whimsicott;547;5;0;grass;fairy;60;67;85;77;75;116;480;1;0.5;0;0.5;1;0.5;2;2;1;0.5;0.5;2;1;4;1;1;2;0.5;75
Petilil;548;5;0;grass;;45;35;50;70;50;30;280;2;1;1;0.5;1;1;2;2;1;0.5;0.5;2;1;2;1;1;1;0.5;190
Lilligant;549;5;0;grass;;70;60;75;110;75;90;480;2;1;1;0.5;1;1;2;2;1;0.5;0.5;2;1;2;1;1;1;0.5;75
Basculin;550;5;0;water;;70;92;65;80;55;98;460;1;1;1;2;1;1;0.5;1;1;2;1;0.5;1;1;1;1;0.5;0.5;25
Sandile;551;5;0;ground;dark;50;72;35;35;35;65;292;2;0.5;1;0;2;2;1;1;0.5;2;1;2;1;0.5;0;0.5;1;2;180
Krokorok;552;5;0;ground;dark;60;82;45;45;45;74;351;2;0.5;1;0;2;2;1;1;0.5;2;1;2;1;0.5;0;0.5;1;2;90
Krookodile;553;5;0;ground;dark;95;117;80;65;70;92;519;2;0.5;1;0;2;2;1;1;0.5;2;1;2;1;0.5;0;0.5;1;2;45
Darumaka;554;5;0;fire;;70;90;45;15;45;50;315;0.5;1;1;1;0.5;1;0.5;1;1;0.5;2;0.5;1;1;1;2;0.5;2;120
Darmanitan;555;5;0;fire;fire;105;140;55;30;55;95;540;0.5;1;1;1;0.5;1;0.5;1;1;0.5;2;0.5;1;1;1;2;0.5;2;60
Maractus;556;5;0;grass;;75;86;67;106;67;60;461;2;1;1;0.5;1;1;2;2;1;0.5;0.5;2;1;2;1;1;1;0.5;255
Dwebble;557;5;0;bug;rock;50;65;85;35;35;55;325;1;1;1;1;1;1;1;1;1;1;1;1;0.5;0.5;1;2;2;2;190
Crustle;558;5;0;bug;rock;70;105;125;65;75;45;485;1;1;1;1;1;1;1;1;1;1;1;1;0.5;0.5;1;2;2;2;75
Scraggy;559;5;0;dark;fighting;50;75;70;35;70;48;348;1;0.25;1;1;4;2;1;2;0.5;1;1;1;1;1;0;0.5;1;1;180
Scrafty;560;5;0;dark;fighting;65;90;115;45;115;58;488;1;0.25;1;1;4;2;1;2;0.5;1;1;1;1;1;0;0.5;1;1;90
Sigilyph;561;5;0;psychic;flying;72;58;80;103;80;97;490;1;2;1;2;1;0.25;1;1;2;0.5;0;2;1;1;0.5;2;1;1;45
Yamask;562;5;0;ghost;;38;30;85;55;65;30;303;0.5;2;1;1;1;0;1;1;2;1;1;1;0;0.5;1;1;1;1;190
Cofagrigus;563;5;0;ghost;;58;50;145;95;105;30;483;0.5;2;1;1;1;0;1;1;2;1;1;1;0;0.5;1;1;1;1;90
Tirtouga;564;5;0;water;rock;54;78;103;53;45;22;355;1;1;1;2;1;2;0.25;0.5;1;4;2;0.5;0.5;0.5;1;1;1;1;45
Carracosta;565;5;0;water;rock;74;108;133;83;65;32;495;1;1;1;2;1;2;0.25;0.5;1;4;2;0.5;0.5;0.5;1;1;1;1;45
Archen;566;5;0;rock;flying;55;112;45;74;45;70;401;0.5;1;1;2;1;1;0.5;0.5;1;1;0;2;0.5;0.5;1;2;2;2;45
Archeops;567;5;0;rock;flying;75;140;65;112;65;110;567;0.5;1;1;2;1;1;0.5;0.5;1;1;0;2;0.5;0.5;1;2;2;2;45
Trubbish;568;5;0;poison;;50;50;62;40;62;65;329;0.5;1;1;1;0.5;0.5;1;1;1;0.5;2;1;1;0.5;2;1;1;1;190
Garbodor;569;5;0;poison;;80;95;82;60;82;75;474;0.5;1;1;1;0.5;0.5;1;1;1;0.5;2;1;1;0.5;2;1;1;1;60
Zorua;570;5;0;dark;;40;65;40;80;40;65;330;2;0.5;1;1;2;2;1;1;0.5;1;1;1;1;1;0;1;1;1;75
Zoroark;571;5;0;dark;;60;105;60;120;60;105;510;2;0.5;1;1;2;2;1;1;0.5;1;1;1;1;1;0;1;1;1;45
Minccino;572;5;0;normal;;55;50;40;40;40;75;300;1;1;1;1;1;2;1;1;0;1;1;1;1;1;1;1;1;1;255
Cinccino;573;5;0;normal;;75;95;60;65;60;115;470;1;1;1;1;1;2;1;1;0;1;1;1;1;1;1;1;1;1;60
Gothita;574;5;0;psychic;;45;30;50;55;65;45;290;2;2;1;1;1;0.5;1;1;2;1;1;1;1;1;0.5;1;1;1;200
Gothorita;575;5;0;psychic;;60;45;70;75;85;55;390;2;2;1;1;1;0.5;1;1;2;1;1;1;1;1;0.5;1;1;1;100
Gothitelle;576;5;0;psychic;;70;55;95;95;110;65;490;2;2;1;1;1;0.5;1;1;2;1;1;1;1;1;0.5;1;1;1;50
Solosis;577;5;0;psychic;;45;30;40;105;50;20;290;2;2;1;1;1;0.5;1;1;2;1;1;1;1;1;0.5;1;1;1;200
Duosion;578;5;0;psychic;;65;40;50;125;60;30;370;2;2;1;1;1;0.5;1;1;2;1;1;1;1;1;0.5;1;1;1;100
Reuniclus;579;5;0;psychic;;110;65;75;125;85;30;490;2;2;1;1;1;0.5;1;1;2;1;1;1;1;1;0.5;1;1;1;50
Ducklett;580;5;0;water;flying;62;44;50;44;50;55;305;0.5;1;1;4;1;0.5;0.5;1;1;1;0;1;1;1;1;2;0.5;0.5;190
Swanna;581;5;0;water;flying;75;87;63;87;63;98;473;0.5;1;1;4;1;0.5;0.5;1;1;1;0;1;1;1;1;2;0.5;0.5;45
Vanillite;582;5;0;ice;;36;50;50;65;60;44;305;1;1;1;1;1;2;2;1;1;1;1;0.5;1;1;1;2;2;1;255
Vanillish;583;5;0;ice;;51;65;65;80;75;59;395;1;1;1;1;1;2;2;1;1;1;1;0.5;1;1;1;2;2;1;120
Vanilluxe;584;5;0;ice;;71;95;85;110;95;79;535;1;1;1;1;1;2;2;1;1;1;1;0.5;1;1;1;2;2;1;45
Deerling;585;5;0;normal;grass;60;60;50;40;50;75;335;2;1;1;0.5;1;2;2;2;0;0.5;0.5;2;1;2;1;1;1;0.5;190
Sawsbuck;586;5;0;normal;grass;80;100;70;60;70;95;475;2;1;1;0.5;1;2;2;2;0;0.5;0.5;2;1;2;1;1;1;0.5;75
Emolga;587;5;0;electric;flying;55;75;60;75;60;103;428;0.5;1;1;1;1;0.5;1;0.5;1;0.5;0;2;1;1;1;2;0.5;1;200
Karrablast;588;5;0;bug;;50;75;45;40;45;60;315;1;1;1;1;1;0.5;2;2;1;0.5;0.5;1;1;1;1;2;1;1;200
Escavalier;589;5;0;bug;steel;70;135;105;60;105;20;495;0.5;1;0.5;1;0.5;1;4;1;1;0.25;1;0.5;0.5;0;0.5;1;0.5;1;75
Foongus;590;5;0;grass;poison;69;55;45;55;55;15;294;1;1;1;0.5;0.5;0.5;2;2;1;0.25;1;2;1;1;2;1;1;0.5;190
Amoonguss;591;5;0;grass;poison;114;85;70;85;80;30;464;1;1;1;0.5;0.5;0.5;2;2;1;0.25;1;2;1;1;2;1;1;0.5;75
Frillish;592;5;0;water;ghost;55;40;50;65;85;40;335;0.5;2;1;2;1;0;0.5;1;2;2;1;0.5;0;0.5;1;1;0.5;0.5;190
Jellicent;593;5;0;water;ghost;100;60;70;85;105;60;480;0.5;2;1;2;1;0;0.5;1;2;2;1;0.5;0;0.5;1;1;0.5;0.5;60
Alomomola;594;5;0;water;;165;75;80;40;45;65;470;1;1;1;2;1;1;0.5;1;1;2;1;0.5;1;1;1;1;0.5;0.5;75
Joltik;595;5;0;bug;electric;50;47;50;57;50;65;319;1;1;1;0.5;1;0.5;2;1;1;0.5;1;1;1;1;1;2;0.5;1;190
Galvantula;596;5;0;bug;electric;70;77;60;97;60;108;472;1;1;1;0.5;1;0.5;2;1;1;0.5;1;1;1;1;1;2;0.5;1;75
Ferroseed;597;5;0;grass;steel;44;50;91;24;86;10;305;1;1;0.5;0.5;0.5;2;4;1;1;0.25;1;1;0.5;0;0.5;0.5;0.5;0.5;255
Ferrothorn;598;5;0;grass;steel;74;94;131;54;116;20;489;1;1;0.5;0.5;0.5;2;4;1;1;0.25;1;1;0.5;0;0.5;0.5;0.5;0.5;90
Klink;599;5;0;steel;;40;55;70;45;60;30;300;0.5;1;0.5;1;0.5;2;2;0.5;1;0.5;2;0.5;0.5;0;0.5;0.5;0.5;1;130
Klang;600;5;0;steel;;60;80;95;70;85;50;440;0.5;1;0.5;1;0.5;2;2;0.5;1;0.5;2;0.5;0.5;0;0.5;0.5;0.5;1;60
Klinklang;601;5;0;steel;;60;100;115;70;85;90;520;0.5;1;0.5;1;0.5;2;2;0.5;1;0.5;2;0.5;0.5;0;0.5;0.5;0.5;1;30
Tynamo;602;5;0;electric;;35;55;40;45;40;60;275;1;1;1;0.5;1;1;1;0.5;1;1;2;1;1;1;1;1;0.5;1;190
Eelektrik;603;5;0;electric;;65;85;70;75;70;40;405;1;1;1;0.5;1;1;1;0.5;1;1;2;1;1;1;1;1;0.5;1;60
Eelektross;604;5;0;electric;;85;115;80;105;80;50;515;1;1;1;0.5;1;1;1;0.5;1;1;2;1;1;1;1;1;0.5;1;30
Elgyem;605;5;0;psychic;;55;55;55;85;55;30;335;2;2;1;1;1;0.5;1;1;2;1;1;1;1;1;0.5;1;1;1;255
Beheeyem;606;5;0;psychic;;75;75;75;125;95;40;485;2;2;1;1;1;0.5;1;1;2;1;1;1;1;1;0.5;1;1;1;90
Litwick;607;5;0;ghost;fire;50;30;55;65;55;20;275;0.25;2;1;1;0.5;0;0.5;1;2;0.5;2;0.5;0;0.5;1;2;0.5;2;190
Lampent;608;5;0;ghost;fire;60;40;60;95;60;55;370;0.25;2;1;1;0.5;0;0.5;1;2;0.5;2;0.5;0;0.5;1;2;0.5;2;90
Chandelure;609;5;0;ghost;fire;60;55;90;145;90;80;520;0.25;2;1;1;0.5;0;0.5;1;2;0.5;2;0.5;0;0.5;1;2;0.5;2;45
Axew;610;5;0;dragon;;46;87;60;30;40;57;320;1;1;2;0.5;2;1;0.5;1;1;0.5;1;2;1;1;1;1;1;0.5;75
Fraxure;611;5;0;dragon;;66;117;70;40;50;67;410;1;1;2;0.5;2;1;0.5;1;1;0.5;1;2;1;1;1;1;1;0.5;60
Haxorus;612;5;0;dragon;;76;147;90;60;70;97;540;1;1;2;0.5;2;1;0.5;1;1;0.5;1;2;1;1;1;1;1;0.5;45
Cubchoo;613;5;0;ice;;55;70;40;60;40;40;305;1;1;1;1;1;2;2;1;1;1;1;0.5;1;1;1;2;2;1;120
Beartic;614;5;0;ice;;95;130;80;70;80;50;505;1;1;1;1;1;2;2;1;1;1;1;0.5;1;1;1;2;2;1;60
Cryogonal;615;5;0;ice;;80;50;50;95;135;105;515;1;1;1;1;1;2;2;1;1;1;1;0.5;1;1;1;2;2;1;25
Shelmet;616;5;0;bug;;50;40;85;40;65;25;305;1;1;1;1;1;0.5;2;2;1;0.5;0.5;1;1;1;1;2;1;1;200
Accelgor;617;5;0;bug;;80;70;40;100;60;145;495;1;1;1;1;1;0.5;2;2;1;0.5;0.5;1;1;1;1;2;1;1;75
Stunfisk;618;5;0;ground;electric;109;66;84;81;99;32;471;1;1;1;0;1;1;1;0.5;1;2;2;2;1;0.5;1;0.5;0.5;2;75
Mienfoo;619;5;0;fighting;;45;85;50;55;50;65;350;0.5;0.5;1;1;2;1;1;2;1;1;1;1;1;1;2;0.5;1;1;180
Mienshao;620;5;0;fighting;;65;125;60;95;60;105;510;0.5;0.5;1;1;2;1;1;2;1;1;1;1;1;1;2;0.5;1;1;45
Druddigon;621;5;0;dragon;;77;120;90;60;90;48;485;1;1;2;0.5;2;1;0.5;1;1;0.5;1;2;1;1;1;1;1;0.5;45
Golett;622;5;0;ground;ghost;59;74;50;35;50;35;303;0.5;2;1;0;1;0;1;1;2;2;1;2;0;0.25;1;0.5;1;2;190
Golurk;623;5;0;ground;ghost;89;124;80;55;80;55;483;0.5;2;1;0;1;0;1;1;2;2;1;2;0;0.25;1;0.5;1;2;90
Pawniard;624;5;0;dark;steel;45;85;70;40;40;60;340;1;0.5;0.5;1;1;4;2;0.5;0.5;0.5;2;0.5;0.5;0;0;0.5;0.5;1;120
Bisharp;625;5;0;dark;steel;65;125;100;60;70;70;490;1;0.5;0.5;1;1;4;2;0.5;0.5;0.5;2;0.5;0.5;0;0;0.5;0.5;1;45
Bouffalant;626;5;0;normal;;95;110;95;40;95;55;490;1;1;1;1;1;2;1;1;0;1;1;1;1;1;1;1;1;1;45
Rufflet;627;5;0;normal;flying;70;83;50;37;50;60;350;0.5;1;1;2;1;1;1;1;0;0.5;0;2;1;1;1;2;1;1;190
Braviary;628;5;0;normal;flying;100;123;75;57;75;80;510;0.5;1;1;2;1;1;1;1;0;0.5;0;2;1;1;1;2;1;1;60
Vullaby;629;5;0;dark;flying;70;55;75;45;65;60;370;1;0.5;1;2;2;1;1;1;0.5;0.5;0;2;1;1;0;2;1;1;190
Mandibuzz;630;5;0;dark;flying;110;65;105;55;95;80;510;1;0.5;1;2;2;1;1;1;0.5;0.5;0;2;1;1;0;2;1;1;60
Heatmor;631;5;0;fire;;85;97;66;105;66;65;484;0.5;1;1;1;0.5;1;0.5;1;1;0.5;2;0.5;1;1;1;2;0.5;2;90
Durant;632;5;0;bug;steel;58;109;112;48;48;109;484;0.5;1;0.5;1;0.5;1;4;1;1;0.25;1;0.5;0.5;0;0.5;1;0.5;1;90
Deino;633;5;0;dark;dragon;52;65;50;45;50;38;300;2;0.5;2;0.5;4;2;0.5;1;0.5;0.5;1;2;1;1;0;1;1;0.5;45
Zweilous;634;5;0;dark;dragon;72;85;70;65;70;58;420;2;0.5;2;0.5;4;2;0.5;1;0.5;0.5;1;2;1;1;0;1;1;0.5;45
Hydreigon;635;5;0;dark;dragon;92;105;90;125;90;98;600;2;0.5;2;0.5;4;2;0.5;1;0.5;0.5;1;2;1;1;0;1;1;0.5;45
Larvesta;636;5;0;bug;fire;55;85;55;50;55;60;360;0.5;1;1;1;0.5;0.5;1;2;1;0.25;1;0.5;1;1;1;4;0.5;2;45
Volcarona;637;5;0;bug;fire;85;60;65;135;105;100;550;0.5;1;1;1;0.5;0.5;1;2;1;0.25;1;0.5;1;1;1;4;0.5;2;15
Cobalion;638;5;1;steel;fighting;91;90;129;90;72;108;580;0.25;0.5;0.5;1;1;2;2;1;1;0.5;2;0.5;0.5;0;1;0.25;0.5;1;3
Terrakion;639;5;1;rock;fighting;91;129;90;72;90;108;580;0.5;0.5;1;1;2;2;0.5;1;1;2;2;1;0.5;0.5;2;0.5;2;2;3
Virizion;640;5;1;grass;fighting;91;90;72;90;129;108;580;1;0.5;1;0.5;2;1;2;4;1;0.5;0.5;2;1;2;2;0.5;1;0.5;3
Tornadus;641;5;1;flying;;79;115;70;125;80;111;580;0.5;1;1;2;1;0.5;1;1;1;0.5;0;2;1;1;1;2;1;1;3
Thundurus;642;5;1;electric;flying;79;115;70;125;80;111;580;0.5;1;1;1;1;0.5;1;0.5;1;0.5;0;2;1;1;1;2;0.5;1;3
Reshiram;643;5;1;dragon;fire;100;120;100;150;120;90;680;0.5;1;2;0.5;1;1;0.25;1;1;0.25;2;1;1;1;1;2;0.5;1;3
Zekrom;644;5;1;dragon;electric;100;150;120;120;100;90;680;1;1;2;0.25;2;1;0.5;0.5;1;0.5;2;2;1;1;1;1;0.5;0.5;3
Landorus;645;5;1;ground;flying;89;125;90;115;80;101;600;0.5;1;1;0;1;0.5;1;1;1;1;0;4;1;0.5;1;1;1;2;3
Kyurem;646;5;1;dragon;ice;125;130;90;130;90;95;700;1;1;2;0.5;2;2;1;1;1;0.5;1;1;1;1;1;2;2;0.5;3
Keldeo;647;5;1;water;fighting;91;72;90;129;90;108;580;0.5;0.5;1;2;2;1;0.5;2;1;2;1;0.5;1;1;2;0.5;0.5;0.5;3
Meloetta;648;5;1;normal;psychic;100;77;77;128;128;90;600;2;2;1;1;1;1;1;1;0;1;1;1;1;1;0.5;1;1;1;3
Genesect;649;5;1;bug;steel;71;120;95;120;95;99;600;0.5;1;0.5;1;0.5;1;4;1;1;0.25;1;0.5;0.5;0;0.5;1;0.5;1;3
Chespin;650;6;0;grass;;56;61;65;48;45;38;313;2;1;1;0.5;1;1;2;2;1;0.5;0.5;2;1;2;1;1;1;0.5;45
Quilladin;651;6;0;grass;;61;78;95;56;58;57;405;2;1;1;0.5;1;1;2;2;1;0.5;0.5;2;1;2;1;1;1;0.5;45
Chesnaught;652;6;0;grass;fighting;88;107;122;74;75;64;530;1;0.5;1;0.5;2;1;2;4;1;0.5;0.5;2;1;2;2;0.5;1;0.5;45
Fennekin;653;6;0;fire;;40;45;40;62;60;60;307;0.5;1;1;1;0.5;1;0.5;1;1;0.5;2;0.5;1;1;1;2;0.5;2;45
Braixen;654;6;0;fire;;59;59;58;90;70;73;409;0.5;1;1;1;0.5;1;0.5;1;1;0.5;2;0.5;1;1;1;2;0.5;2;45
Delphox;655;6;0;fire;psychic;75;69;72;114;100;104;534;1;2;1;1;0.5;0.5;0.5;1;2;0.5;2;0.5;1;1;0.5;2;0.5;2;45
Froakie;656;6;0;water;;41;56;40;62;44;71;314;1;1;1;2;1;1;0.5;1;1;2;1;0.5;1;1;1;1;0.5;0.5;45
Frogadier;657;6;0;water;;54;63;52;83;56;97;405;1;1;1;2;1;1;0.5;1;1;2;1;0.5;1;1;1;1;0.5;0.5;45
Greninja;658;6;0;water;dark;72;95;67;103;71;122;640;2;0.5;1;2;2;2;0.5;1;0.5;2;1;0.5;1;1;0;1;0.5;0.5;45
Bunnelby;659;6;0;normal;;38;36;38;32;36;57;237;1;1;1;1;1;2;1;1;0;1;1;1;1;1;1;1;1;1;255
Diggersby;660;6;0;normal;ground;85;56;77;50;77;78;423;1;1;1;0;1;2;1;1;0;2;1;2;1;0.5;1;0.5;1;2;127
Fletchling;661;6;0;normal;flying;45;50;43;40;38;62;278;0.5;1;1;2;1;1;1;1;0;0.5;0;2;1;1;1;2;1;1;255
Fletchinder;662;6;0;fire;flying;62;73;55;56;52;84;382;0.25;1;1;2;0.5;0.5;0.5;1;1;0.25;0;1;1;1;1;4;0.5;2;120
Talonflame;663;6;0;fire;flying;78;81;71;74;69;126;499;0.25;1;1;2;0.5;0.5;0.5;1;1;0.25;0;1;1;1;1;4;0.5;2;45
Scatterbug;664;6;0;bug;;38;35;40;27;25;35;200;1;1;1;1;1;0.5;2;2;1;0.5;0.5;1;1;1;1;2;1;1;255
Spewpa;665;6;0;bug;;45;22;60;27;30;29;213;1;1;1;1;1;0.5;2;2;1;0.5;0.5;1;1;1;1;2;1;1;120
Vivillon;666;6;0;bug;flying;80;52;50;90;50;89;411;0.5;1;1;2;1;0.25;2;2;1;0.25;0;2;1;1;1;4;1;1;45
Litleo;667;6;0;fire;normal;62;50;58;73;54;72;369;0.5;1;1;1;0.5;2;0.5;1;0;0.5;2;0.5;1;1;1;2;0.5;2;220
Pyroar;668;6;0;fire;normal;86;68;72;109;66;106;507;0.5;1;1;1;0.5;2;0.5;1;0;0.5;2;0.5;1;1;1;2;0.5;2;65
Flabebe;669;6;0;fairy;;44;38;39;61;79;42;303;0.5;0.5;0;1;1;0.5;1;1;1;1;1;1;1;2;1;1;2;1;225
Floette;670;6;0;fairy;;54;45;47;75;98;52;551;0.5;0.5;0;1;1;0.5;1;1;1;1;1;1;1;2;1;1;2;1;120
Florges;671;6;0;fairy;;78;65;68;112;154;75;552;0.5;0.5;0;1;1;0.5;1;1;1;1;1;1;1;2;1;1;2;1;45
Skiddo;672;6;0;grass;;66;65;48;62;57;52;350;2;1;1;0.5;1;1;2;2;1;0.5;0.5;2;1;2;1;1;1;0.5;200
Gogoat;673;6;0;grass;;123;100;62;97;81;68;531;2;1;1;0.5;1;1;2;2;1;0.5;0.5;2;1;2;1;1;1;0.5;45
Pancham;674;6;0;fighting;;67;82;62;46;48;43;348;0.5;0.5;1;1;2;1;1;2;1;1;1;1;1;1;2;0.5;1;1;220
Pangoro;675;6;0;fighting;dark;95;124;78;69;71;58;495;1;0.25;1;1;4;2;1;2;0.5;1;1;1;1;1;0;0.5;1;1;65
Furfrou;676;6;0;normal;;75;80;60;65;90;102;472;1;1;1;1;1;2;1;1;0;1;1;1;1;1;1;1;1;1;160
Espurr;677;6;0;psychic;;62;48;54;63;60;68;355;2;2;1;1;1;0.5;1;1;2;1;1;1;1;1;0.5;1;1;1;190
Meowstic;678;6;0;psychic;;74;48;76;83;81;104;466;2;2;1;1;1;0.5;1;1;2;1;1;1;1;1;0.5;1;1;1;75
Honedge;679;6;0;steel;ghost;45;80;100;35;37;28;325;0.25;2;0.5;1;0.5;0;2;0.5;2;0.5;2;0.5;0;0;0.5;0.5;0.5;1;180
Doublade;680;6;0;steel;ghost;59;110;150;45;49;35;448;0.25;2;0.5;1;0.5;0;2;0.5;2;0.5;2;0.5;0;0;0.5;0.5;0.5;1;90
Aegislash;681;6;0;steel;ghost;60;50;150;50;150;60;520;0.25;2;0.5;1;0.5;0;2;0.5;2;0.5;2;0.5;0;0;0.5;0.5;0.5;1;45
Spritzee;682;6;0;fairy;;78;52;60;63;65;23;341;0.5;0.5;0;1;1;0.5;1;1;1;1;1;1;1;2;1;1;2;1;200
Aromatisse;683;6;0;fairy;;101;72;72;99;89;29;462;0.5;0.5;0;1;1;0.5;1;1;1;1;1;1;1;2;1;1;2;1;140
Swirlix;684;6;0;fairy;;62;48;66;59;57;49;341;0.5;0.5;0;1;1;0.5;1;1;1;1;1;1;1;2;1;1;2;1;200
Slurpuff;685;6;0;fairy;;82;80;86;85;75;72;480;0.5;0.5;0;1;1;0.5;1;1;1;1;1;1;1;2;1;1;2;1;140
Inkay;686;6;0;dark;psychic;53;54;53;37;46;45;288;4;1;1;1;2;1;1;1;1;1;1;1;1;1;0;1;1;1;190
Malamar;687;6;0;dark;psychic;86;92;88;68;75;73;482;4;1;1;1;2;1;1;1;1;1;1;1;1;1;0;1;1;1;80
Binacle;688;6;0;rock;water;42;52;67;39;56;50;306;1;1;1;2;1;2;0.25;0.5;1;4;2;0.5;0.5;0.5;1;1;1;1;120
Barbaracle;689;6;0;rock;water;72;105;115;54;86;68;500;1;1;1;2;1;2;0.25;0.5;1;4;2;0.5;0.5;0.5;1;1;1;1;45
Skrelp;690;6;0;poison;water;50;60;60;60;60;30;320;0.5;1;1;2;0.5;0.5;0.5;1;1;1;2;0.5;1;0.5;2;1;0.5;0.5;225
Dragalge;691;6;0;poison;dragon;65;75;90;97;123;44;494;0.5;1;2;0.5;1;0.5;0.5;1;1;0.25;2;2;1;0.5;2;1;1;0.5;55
Clauncher;692;6;0;water;;50;53;62;58;63;44;330;1;1;1;2;1;1;0.5;1;1;2;1;0.5;1;1;1;1;0.5;0.5;225
Clawitzer;693;6;0;water;;71;73;88;120;89;59;500;1;1;1;2;1;1;0.5;1;1;2;1;0.5;1;1;1;1;0.5;0.5;55
Helioptile;694;6;0;electric;normal;44;38;33;61;43;70;289;1;1;1;0.5;1;2;1;0.5;0;1;2;1;1;1;1;1;0.5;1;190
Heliolisk;695;6;0;electric;normal;62;55;52;109;94;109;481;1;1;1;0.5;1;2;1;0.5;0;1;2;1;1;1;1;1;0.5;1;75
Tyrunt;696;6;0;rock;dragon;58;89;77;45;45;48;362;1;1;2;0.5;2;2;0.25;0.5;1;1;2;2;0.5;0.5;1;1;2;1;45
Tyrantrum;697;6;0;rock;dragon;82;121;119;69;59;71;521;1;1;2;0.5;2;2;0.25;0.5;1;1;2;2;0.5;0.5;1;1;2;1;45
Amaura;698;6;0;rock;ice;77;59;50;67;63;46;362;1;1;1;1;1;4;1;0.5;1;2;2;0.5;0.5;0.5;1;2;4;2;45
Aurorus;699;6;0;rock;ice;123;77;72;99;92;58;521;1;1;1;1;1;4;1;0.5;1;2;2;0.5;0.5;0.5;1;2;4;2;45
Sylveon;700;6;0;fairy;;95;65;65;110;130;60;525;0.5;0.5;0;1;1;0.5;1;1;1;1;1;1;1;2;1;1;2;1;45
Hawlucha;701;6;0;fighting;flying;78;92;75;74;63;118;500;0.25;0.5;1;2;2;0.5;1;2;1;0.5;0;2;1;1;2;1;1;1;100
Dedenne;702;6;0;electric;fairy;67;58;57;81;67;101;431;0.5;0.5;0;0.5;1;0.5;1;0.5;1;1;2;1;1;2;1;1;1;1;180
Carbink;703;6;0;rock;fairy;50;50;150;50;150;50;500;0.5;0.5;0;1;1;1;0.5;0.5;1;2;2;1;0.5;1;1;1;4;2;60
Goomy;704;6;0;dragon;;45;50;35;55;75;40;300;1;1;2;0.5;2;1;0.5;1;1;0.5;1;2;1;1;1;1;1;0.5;45
Sliggoo;705;6;0;dragon;;68;75;53;83;113;60;452;1;1;2;0.5;2;1;0.5;1;1;0.5;1;2;1;1;1;1;1;0.5;45
Goodra;706;6;0;dragon;;90;100;70;110;150;80;600;1;1;2;0.5;2;1;0.5;1;1;0.5;1;2;1;1;1;1;1;0.5;45
Klefki;707;6;0;steel;fairy;57;80;91;80;87;75;470;0.25;0.5;0;1;0.5;1;2;0.5;1;0.5;2;0.5;0.5;0;0.5;0.5;1;1;75
Phantump;708;6;0;ghost;grass;43;70;48;50;60;38;309;1;2;1;0.5;1;0;2;2;2;0.5;0.5;2;0;1;1;1;1;0.5;120
Trevenant;709;6;0;ghost;grass;85;110;76;65;82;56;474;1;2;1;0.5;1;0;2;2;2;0.5;0.5;2;0;1;1;1;1;0.5;60
Pumpkaboo;710;6;0;ghost;grass;49;66;70;44;55;51;335;1;2;1;0.5;1;0;2;2;2;0.5;0.5;2;0;1;1;1;1;0.5;120
Gourgeist;711;6;0;ghost;grass;65;90;122;58;75;84;494;1;2;1;0.5;1;0;2;2;2;0.5;0.5;2;0;1;1;1;1;0.5;60
Bergmite;712;6;0;ice;;55;69;85;32;35;28;304;1;1;1;1;1;2;2;1;1;1;1;0.5;1;1;1;2;2;1;190
Avalugg;713;6;0;ice;;95;117;184;44;46;28;514;1;1;1;1;1;2;2;1;1;1;1;0.5;1;1;1;2;2;1;55
Noibat;714;6;0;flying;dragon;40;30;35;45;40;55;245;0.5;1;2;1;2;0.5;0.5;1;1;0.25;0;4;1;1;1;2;1;0.5;190
Noivern;715;6;0;flying;dragon;85;70;80;97;80;123;535;0.5;1;2;1;2;0.5;0.5;1;1;0.25;0;4;1;1;1;2;1;0.5;45
Xerneas;716;6;1;fairy;;126;131;95;131;98;99;680;0.5;0.5;0;1;1;0.5;1;1;1;1;1;1;1;2;1;1;2;1;45
Yveltal;717;6;1;dark;flying;126;131;95;131;98;99;680;1;0.5;1;2;2;1;1;1;0.5;0.5;0;2;1;1;0;2;1;1;45
Zygarde;718;6;1;dragon;ground;108;100;121;81;95;95;708;1;1;2;0;2;1;0.5;1;1;1;1;4;1;0.5;1;0.5;1;1;3
Diancie;719;6;1;rock;fairy;50;100;150;100;150;50;700;0.5;0.5;0;1;1;1;0.5;0.5;1;2;2;1;0.5;1;1;1;4;2;3
Hoopa;720;6;1;psychic;ghost;80;110;60;150;130;70;680;1;4;1;1;1;0;1;1;4;1;1;1;0;0.5;0.5;1;1;1;3
Volcanion;721;6;1;fire;water;80;110;120;130;90;70;600;0.5;1;1;2;0.5;1;0.25;1;1;1;2;0.25;1;1;1;2;0.25;1;3
Rowlet;722;7;0;grass;flying;68;55;55;50;50;42;320;1;1;1;1;1;0.5;2;2;1;0.25;0;4;1;2;1;2;1;0.5;45
Dartrix;723;7;0;grass;flying;78;75;75;70;70;52;420;1;1;1;1;1;0.5;2;2;1;0.25;0;4;1;2;1;2;1;0.5;45
Decidueye;724;7;0;grass;ghost;78;107;75;100;100;70;530;1;2;1;0.5;1;0;2;2;2;0.5;0.5;2;0;1;1;1;1;0.5;45
Litten;725;7;0;fire;;45;65;40;60;40;70;320;0.5;1;1;1;0.5;1;0.5;1;1;0.5;2;0.5;1;1;1;2;0.5;2;45
Torracat;726;7;0;fire;;65;85;50;80;50;90;420;0.5;1;1;1;0.5;1;0.5;1;1;0.5;2;0.5;1;1;1;2;0.5;2;45
Incineroar;727;7;0;fire;dark;95;115;90;80;90;60;530;1;0.5;1;1;1;2;0.5;1;0.5;0.5;2;0.5;1;1;0;2;0.5;2;45
Popplio;728;7;0;water;;50;54;54;66;56;40;320;1;1;1;2;1;1;0.5;1;1;2;1;0.5;1;1;1;1;0.5;0.5;45
Brionne;729;7;0;water;;60;69;69;91;81;50;420;1;1;1;2;1;1;0.5;1;1;2;1;0.5;1;1;1;1;0.5;0.5;45
Primarina;730;7;0;water;fairy;80;74;74;126;116;60;530;0.5;0.5;0;2;1;0.5;0.5;1;1;2;1;0.5;1;2;1;1;1;0.5;45
Pikipek;731;7;0;normal;flying;35;75;30;30;30;65;265;0.5;1;1;2;1;1;1;1;0;0.5;0;2;1;1;1;2;1;1;255
Trumbeak;732;7;0;normal;flying;55;85;50;40;50;75;355;0.5;1;1;2;1;1;1;1;0;0.5;0;2;1;1;1;2;1;1;120
Toucannon;733;7;0;normal;flying;80;120;75;75;75;60;485;0.5;1;1;2;1;1;1;1;0;0.5;0;2;1;1;1;2;1;1;45
Yungoos;734;7;0;normal;;48;70;30;30;30;45;253;1;1;1;1;1;2;1;1;0;1;1;1;1;1;1;1;1;1;255
Gumshoos;735;7;0;normal;;88;110;60;55;60;45;418;1;1;1;1;1;2;1;1;0;1;1;1;1;1;1;1;1;1;127
Grubbin;736;7;0;bug;;47;62;45;55;45;46;300;1;1;1;1;1;0.5;2;2;1;0.5;0.5;1;1;1;1;2;1;1;255
Charjabug;737;7;0;bug;electric;57;82;95;55;75;36;400;1;1;1;0.5;1;0.5;2;1;1;0.5;1;1;1;1;1;2;0.5;1;120
Vikavolt;738;7;0;bug;electric;77;70;90;145;75;43;500;1;1;1;0.5;1;0.5;2;1;1;0.5;1;1;1;1;1;2;0.5;1;45
Crabrawler;739;7;0;fighting;;47;82;57;42;47;63;338;0.5;0.5;1;1;2;1;1;2;1;1;1;1;1;1;2;0.5;1;1;225
Crabominable;740;7;0;fighting;ice;97;132;77;62;67;43;478;0.5;0.5;1;1;2;2;2;2;1;1;1;0.5;1;1;2;1;2;1;60
Oricorio;741;7;0;fire;flying;75;70;70;98;70;93;476;0.25;1;1;2;0.5;0.5;0.5;1;1;0.25;0;1;1;1;1;4;0.5;2;45
Cutiefly;742;7;0;bug;fairy;40;45;40;55;40;84;304;0.5;0.5;0;1;1;0.25;2;2;1;0.5;0.5;1;1;2;1;2;2;1;190
Ribombee;743;7;0;bug;fairy;60;55;60;95;70;124;464;0.5;0.5;0;1;1;0.25;2;2;1;0.5;0.5;1;1;2;1;2;2;1;75
Rockruff;744;7;0;rock;;45;65;40;30;40;60;280;1;1;1;1;1;2;0.5;0.5;1;2;2;1;0.5;0.5;1;1;2;2;190
Lycanroc;745;7;0;rock;;75;115;65;55;65;112;487;1;1;1;1;1;2;0.5;0.5;1;2;2;1;0.5;0.5;1;1;2;2;90
Wishiwashi;746;7;0;water;;45;20;20;25;25;40;620;1;1;1;2;1;1;0.5;1;1;2;1;0.5;1;1;1;1;0.5;0.5;60
Mareanie;747;7;0;poison;water;50;53;62;43;52;45;305;0.5;1;1;2;0.5;0.5;0.5;1;1;1;2;0.5;1;0.5;2;1;0.5;0.5;190
Toxapex;748;7;0;poison;water;50;63;152;53;142;35;495;0.5;1;1;2;0.5;0.5;0.5;1;1;1;2;0.5;1;0.5;2;1;0.5;0.5;75
Mudbray;749;7;0;ground;;70;100;70;45;55;45;385;1;1;1;0;1;1;1;1;1;2;1;2;1;0.5;1;0.5;1;2;190
Mudsdale;750;7;0;ground;;100;125;100;55;85;35;500;1;1;1;0;1;1;1;1;1;2;1;2;1;0.5;1;0.5;1;2;60
Dewpider;751;7;0;water;bug;38;40;52;40;72;27;269;1;1;1;2;1;0.5;1;2;1;1;0.5;0.5;1;1;1;2;0.5;0.5;200
Araquanid;752;7;0;water;bug;68;70;92;50;132;42;454;1;1;1;2;1;0.5;1;2;1;1;0.5;0.5;1;1;1;2;0.5;0.5;100
Fomantis;753;7;0;grass;;40;55;35;50;35;35;250;2;1;1;0.5;1;1;2;2;1;0.5;0.5;2;1;2;1;1;1;0.5;190
Lurantis;754;7;0;grass;;70;105;90;80;90;45;480;2;1;1;0.5;1;1;2;2;1;0.5;0.5;2;1;2;1;1;1;0.5;75
Morelull;755;7;0;grass;fairy;40;35;55;65;75;15;285;1;0.5;0;0.5;1;0.5;2;2;1;0.5;0.5;2;1;4;1;1;2;0.5;190
Shiinotic;756;7;0;grass;fairy;60;45;80;90;100;30;405;1;0.5;0;0.5;1;0.5;2;2;1;0.5;0.5;2;1;4;1;1;2;0.5;75
Salandit;757;7;0;poison;fire;48;44;40;71;40;77;320;0.25;1;1;1;0.25;0.5;0.5;1;1;0.25;4;0.5;1;0.5;2;2;0.5;2;120
Salazzle;758;7;0;poison;fire;68;64;60;111;60;117;480;0.25;1;1;1;0.25;0.5;0.5;1;1;0.25;4;0.5;1;0.5;2;2;0.5;2;45
Stufful;759;7;0;normal;fighting;70;75;50;45;50;50;340;0.5;0.5;1;1;2;2;1;2;0;1;1;1;1;1;2;0.5;1;1;140
Bewear;760;7;0;normal;fighting;120;125;80;55;60;60;500;0.5;0.5;1;1;2;2;1;2;0;1;1;1;1;1;2;0.5;1;1;70
Bounsweet;761;7;0;grass;;42;30;38;30;38;32;210;2;1;1;0.5;1;1;2;2;1;0.5;0.5;2;1;2;1;1;1;0.5;235
Steenee;762;7;0;grass;;52;40;48;40;48;62;290;2;1;1;0.5;1;1;2;2;1;0.5;0.5;2;1;2;1;1;1;0.5;120
Tsareena;763;7;0;grass;;72;120;98;50;98;72;510;2;1;1;0.5;1;1;2;2;1;0.5;0.5;2;1;2;1;1;1;0.5;45
Comfey;764;7;0;fairy;;51;52;90;82;110;100;485;0.5;0.5;0;1;1;0.5;1;1;1;1;1;1;1;2;1;1;2;1;60
Oranguru;765;7;0;normal;psychic;90;60;80;90;110;60;490;2;2;1;1;1;1;1;1;0;1;1;1;1;1;0.5;1;1;1;45
Passimian;766;7;0;fighting;;100;120;90;40;60;80;490;0.5;0.5;1;1;2;1;1;2;1;1;1;1;1;1;2;0.5;1;1;45
Wimpod;767;7;0;bug;water;25;35;40;20;30;80;230;1;1;1;2;1;0.5;1;2;1;1;0.5;0.5;1;1;1;2;0.5;0.5;90
Golisopod;768;7;0;bug;water;75;125;140;60;90;40;530;1;1;1;2;1;0.5;1;2;1;1;0.5;0.5;1;1;1;2;0.5;0.5;45
Sandygast;769;7;0;ghost;ground;55;55;80;70;45;15;320;0.5;2;1;0;1;0;1;1;2;2;1;2;0;0.25;1;0.5;1;2;140
Palossand;770;7;0;ghost;ground;85;75;110;100;75;35;480;0.5;2;1;0;1;0;1;1;2;2;1;2;0;0.25;1;0.5;1;2;60
Pyukumuku;771;7;0;water;;55;60;130;30;130;5;410;1;1;1;2;1;1;0.5;1;1;2;1;0.5;1;1;1;1;0.5;0.5;60
Type: Null;772;7;0;normal;;95;95;95;95;95;59;534;1;1;1;1;1;2;1;1;0;1;1;1;1;1;1;1;1;1;3
Silvally;773;7;0;normal;;95;95;95;95;95;95;570;1;1;1;1;1;2;1;1;0;1;1;1;1;1;1;1;1;1;3
Minior;774;7;0;rock;flying;60;60;100;60;100;60;500;0.5;1;1;2;1;1;0.5;0.5;1;1;0;2;0.5;0.5;1;2;2;2;255
Komala;775;7;0;normal;;65;115;65;75;95;65;480;1;1;1;1;1;2;1;1;0;1;1;1;1;1;1;1;1;1;45
Turtonator;776;7;0;fire;dragon;60;78;135;91;85;36;485;0.5;1;2;0.5;1;1;0.25;1;1;0.25;2;1;1;1;1;2;0.5;1;70
Togedemaru;777;7;0;electric;steel;65;98;63;40;73;96;435;0.5;1;0.5;0.5;0.5;2;2;0.25;1;0.5;4;0.5;0.5;0;0.5;0.5;0.25;1;180
Mimikyu;778;7;0;ghost;fairy;55;90;80;50;105;96;476;0.25;1;0;1;1;0;1;1;2;1;1;1;0;1;1;1;2;1;45
Bruxish;779;7;0;water;psychic;68;105;70;70;70;92;475;2;2;1;2;1;0.5;0.5;1;2;2;1;0.5;1;1;0.5;1;0.5;0.5;80
Drampa;780;7;0;normal;dragon;78;60;85;135;91;36;485;1;1;2;0.5;2;2;0.5;1;0;0.5;1;2;1;1;1;1;1;0.5;70
Dhelmise;781;7;0;ghost;grass;70;131;100;86;90;40;517;1;2;1;0.5;1;0;2;2;2;0.5;0.5;2;0;1;1;1;1;0.5;25
Jangmo-o;782;7;0;dragon;;45;55;65;45;45;45;300;1;1;2;0.5;2;1;0.5;1;1;0.5;1;2;1;1;1;1;1;0.5;45
Hakamo-o;783;7;0;dragon;fighting;55;75;90;65;70;65;420;0.5;0.5;2;0.5;4;1;0.5;2;1;0.5;1;2;1;1;2;0.5;1;0.5;45
Kommo-o;784;7;0;dragon;fighting;75;110;125;100;105;85;600;0.5;0.5;2;0.5;4;1;0.5;2;1;0.5;1;2;1;1;2;0.5;1;0.5;45
Tapu Koko;785;7;1;electric;fairy;70;115;85;95;75;130;570;0.5;0.5;0;0.5;1;0.5;1;0.5;1;1;2;1;1;2;1;1;1;1;3
Tapu Lele;786;7;1;psychic;fairy;70;85;75;130;115;95;570;1;1;0;1;1;0.25;1;1;2;1;1;1;1;2;0.5;1;2;1;3
Tapu Bulu;787;7;1;grass;fairy;70;130;115;85;95;75;570;1;0.5;0;0.5;1;0.5;2;2;1;0.5;0.5;2;1;4;1;1;2;0.5;3
Tapu Fini;788;7;1;water;fairy;70;75;115;95;130;85;570;0.5;0.5;0;2;1;0.5;0.5;1;1;2;1;0.5;1;2;1;1;1;0.5;3
Cosmog;789;7;1;psychic;;43;29;31;29;31;37;200;2;2;1;1;1;0.5;1;1;2;1;1;1;1;1;0.5;1;1;1;45
Cosmoem;790;7;1;psychic;;43;29;131;29;131;37;400;2;2;1;1;1;0.5;1;1;2;1;1;1;1;1;0.5;1;1;1;45
Solgaleo;791;7;1;psychic;steel;137;137;107;113;89;97;680;1;2;0.5;1;0.5;1;2;0.5;2;0.5;2;0.5;0.5;0;0.25;0.5;0.5;1;45
Lunala;792;7;1;psychic;ghost;137;113;89;137;107;97;680;1;4;1;1;1;0;1;1;4;1;1;1;0;0.5;0.5;1;1;1;45
Nihilego;793;7;1;rock;poison;109;53;47;127;131;103;570;0.5;1;1;1;0.5;1;0.5;0.5;1;1;4;1;0.5;0.25;2;1;2;2;45
Buzzwole;794;7;1;bug;fighting;107;139;139;53;53;79;570;0.5;0.5;1;1;2;0.5;2;4;1;0.5;0.5;1;1;1;2;1;1;1;25
Pheromosa;795;7;1;bug;fighting;71;137;37;137;37;151;570;0.5;0.5;1;1;2;0.5;2;4;1;0.5;0.5;1;1;1;2;1;1;1;255
Xurkitree;796;7;1;electric;;83;89;71;173;71;83;570;1;1;1;0.5;1;1;1;0.5;1;1;2;1;1;1;1;1;0.5;1;30
Celesteela;797;7;1;steel;flying;97;101;103;107;101;61;570;0.25;1;0.5;2;0.5;1;2;0.5;1;0.25;0;1;0.5;0;0.5;1;0.5;1;25
Kartana;798;7;1;grass;steel;59;181;131;59;31;109;570;1;1;0.5;0.5;0.5;2;4;1;1;0.25;1;1;0.5;0;0.5;0.5;0.5;0.5;255
Guzzlord;799;7;1;dark;dragon;223;101;53;97;53;43;570;2;0.5;2;0.5;4;2;0.5;1;0.5;0.5;1;2;1;1;0;1;1;0.5;15
Necrozma;800;7;1;psychic;;97;107;101;127;89;79;600;2;2;1;1;1;0.5;1;1;2;1;1;1;1;1;0.5;1;1;1;3
Magearna;801;7;1;steel;fairy;80;95;115;130;115;65;600;0.25;0.5;0;1;0.5;1;2;0.5;1;0.5;2;0.5;0.5;0;0.5;0.5;1;1;3
